Employee_ID,First_Name,Last_Name,Age,Department_Region,Status,Join_Date,Salary,Email,Phone,Performance_Score,Bonus,Bouns,Total_Salary
EMP1000,Bob,Davis,25.0,IT,Active,4/2/2021,20000.0,bob.davis@example.com,-1651623197,Average,5976.765,5000,64767.65
EMP1003,Eva,Davis,25.0,Admin-Nevada,Inactive,11/27/2021,69450.99,eva.davis@example.com,-3476490784,Good,6945.099000000001,5000,74450.99
EMP1005,Alice,Garcia,40.0,Sales-Texas,Inactive,6/10/2020,88642.84,alice.garcia@example.com,-5409003485,Good,8864.284,5000,93642.84
EMP1007,Bob,Jones,30.0,Cloud Tech-Florida,Inactive,7/17/2022,94497.91,bob.jones@example.com,-4134327559,Average,9449.791000000001,5000,99497.91
EMP1008,Frank,Davis,35.0,Admin-Nevada,Inactive,12/8/2023,115565.82,frank.davis@example.com,-4177656123,Excellent,11556.582000000002,5000,120565.82
EMP1010,David,Williams,35.0,Cloud Tech-New York,Active,7/6/2024,72081.71,david.williams@example.com,-2720634590,Average,7208.171000000001,5000,77081.71
EMP1012,Heidi,Williams,30.0,HR-New York,Active,3/5/2024,89295.77,heidi.williams@example.com,-2429543164,Excellent,8929.577000000001,5000,94295.77
EMP1014,Alice,Garcia,25.0,Admin-Nevada,Active,6/10/2024,97633.68,alice.garcia@example.com,-1734206968,Excellent,9763.368,5000,102633.68
EMP1015,Grace,Jones,40.0,Sales-Florida,Pending,5/29/2021,117975.49,grace.jones@example.com,-4215291085,Good,11797.549,5000,122975.49
EMP1016,Alice,Brown,25.0,DevOps-Illinois,Inactive,4/23/2024,94867.33,alice.brown@example.com,-7713334475,Poor,9486.733,5000,99867.33
EMP1017,Grace,Garcia,30.0,Finance-Texas,Pending,11/28/2024,100377.65,grace.garcia@example.com,-2639343625,Average,10037.765,5000,105377.65
EMP1019,Charlie,Williams,35.0,Admin-Illinois,Pending,1/2/2020,91926.12,charlie.williams@example.com,-7107256365,Average,9192.612,5000,96926.12
EMP1020,Bob,Miller,35.0,HR-New York,Active,5/8/2021,111460.67,bob.miller@example.com,-9411800536,Excellent,11146.067000000001,5000,116460.67
EMP1021,Bob,Jones,40.0,Cloud Tech-Illinois,Active,9/19/2020,96182.56,bob.jones@example.com,-5990048963,Good,9618.256,5000,101182.56
EMP1022,Charlie,Johnson,35.0,Sales-Illinois,Inactive,3/9/2021,115023.94,charlie.johnson@example.com,-6528092427,Average,11502.394,5000,120023.94
EMP1023,David,Garcia,35.0,Finance-Nevada,Pending,2/3/2022,80667.01,david.garcia@example.com,-7572158623,Excellent,8066.701,5000,85667.01
EMP1024,Bob,Brown,30.0,Admin-Texas,Inactive,2/13/2020,91181.61,bob.brown@example.com,-1502745643,Good,9118.161,5000,96181.61
EMP1025,David,Miller,25.0,Cloud Tech-Nevada,Pending,4/30/2020,66025.92,david.miller@example.com,-9485625727,Average,6602.592000000001,5000,71025.92
EMP1026,Frank,Miller,25.0,Sales-New York,Inactive,10/2/2023,83979.01,frank.miller@example.com,-7032032073,Average,8397.901,5000,88979.01
EMP1027,Heidi,Johnson,30.0,Finance-Florida,Active,7/12/2020,56785.16,heidi.johnson@example.com,-2761707586,Excellent,5678.5160000000005,5000,61785.16
EMP1028,Grace,Garcia,40.0,Finance-Nevada,Active,10/11/2023,95741.88,grace.garcia@example.com,-7712151341,Excellent,9574.188,5000,100741.88
EMP1029,Alice,Brown,40.0,DevOps-California,Active,5/24/2021,63411.31,alice.brown@example.com,-2849939088,Excellent,6341.131,5000,68411.31
EMP1030,Charlie,Jones,40.0,Admin-California,Inactive,5/26/2021,111214.02,charlie.jones@example.com,-2613715040,Good,11121.402000000002,5000,116214.02
EMP1031,Bob,Smith,25.0,DevOps-Illinois,Active,7/10/2020,114845.69,bob.smith@example.com,-6591520176,Excellent,11484.569000000001,5000,119845.69
EMP1032,Charlie,Brown,40.0,Finance-Florida,Active,11/5/2024,78072.82,charlie.brown@example.com,-7490509758,Average,7807.282000000001,5000,83072.82
EMP1033,Grace,Johnson,25.0,Finance-California,Inactive,8/7/2021,79610.52,grace.johnson@example.com,-2304501895,Average,7961.052000000001,5000,84610.52
EMP1034,Heidi,Miller,30.0,Admin-California,Active,4/29/2020,90542.62,heidi.miller@example.com,-1642361031,Excellent,9054.262,5000,95542.62
EMP1035,Frank,Jones,25.0,Cloud Tech-Illinois,Inactive,10/26/2022,114357.1,frank.jones@example.com,-6642147648,Excellent,11435.710000000001,5000,119357.1
EMP1037,Grace,Smith,25.0,Sales-New York,Pending,5/2/2023,52781.92,grace.smith@example.com,-4996165925,Average,5278.192,5000,57781.92
EMP1038,Frank,Smith,35.0,Admin-Nevada,Pending,10/5/2021,66708.02,frank.smith@example.com,-6108573277,Good,6670.802000000001,5000,71708.02
EMP1039,Eva,Williams,40.0,HR-Texas,Active,7/27/2022,93481.15,eva.williams@example.com,-8147617421,Poor,9348.115,5000,98481.15
EMP1040,Bob,Williams,25.0,Sales-New York,Pending,6/27/2021,59271.96,bob.williams@example.com,-4386490809,Excellent,5927.196,5000,64271.96
EMP1041,Bob,Davis,30.0,HR-California,Active,6/16/2022,108362.15,bob.davis@example.com,-8186617944,Excellent,10836.215,5000,113362.15
EMP1045,Alice,Brown,25.0,HR-New York,Pending,6/20/2021,61310.74,alice.brown@example.com,-61027768,Average,6131.0740000000005,5000,66310.73999999999
EMP1047,Alice,Davis,35.0,Sales-Illinois,Active,5/30/2022,58921.19,alice.davis@example.com,-310303722,Average,5892.119000000001,5000,63921.19
EMP1048,Alice,Miller,35.0,Admin-Nevada,Active,9/27/2023,57195.55,alice.miller@example.com,-6831472759,Excellent,5719.555,5000,62195.55
EMP1050,Charlie,Davis,40.0,Cloud Tech-New York,Pending,11/11/2021,104767.05,charlie.davis@example.com,-3496050165,Excellent,10476.705000000002,5000,109767.05
EMP1051,David,Miller,35.0,Admin-Nevada,Active,2/22/2022,111051.67,david.miller@example.com,-7998407677,Good,11105.167000000001,5000,116051.67
EMP1052,David,Williams,30.0,Finance-California,Inactive,8/7/2024,105674.18,david.williams@example.com,-9973080694,Good,10567.418,5000,110674.18
EMP1053,Alice,Brown,30.0,Finance-California,Inactive,11/5/2024,54859.45,alice.brown@example.com,-8146717956,Average,5485.945,5000,59859.45
EMP1055,Eva,Brown,30.0,Sales-California,Active,8/10/2020,91759.99,eva.brown@example.com,-3959724664,Excellent,9175.999000000002,5000,96759.99
EMP1056,Frank,Garcia,40.0,Sales-Illinois,Active,2/27/2022,112965.33,frank.garcia@example.com,-7293417222,Good,11296.533000000001,5000,117965.33
EMP1057,Alice,Smith,40.0,Cloud Tech-Illinois,Pending,11/7/2023,100360.1,alice.smith@example.com,-2971674337,Excellent,10036.010000000002,5000,105360.1
EMP1058,David,Williams,35.0,Finance-Texas,Pending,11/7/2021,93620.88,david.williams@example.com,-54522800,Good,9362.088000000002,5000,98620.88
EMP1059,Bob,Jones,35.0,Sales-California,Pending,4/16/2022,72832.8,bob.jones@example.com,-5619318373,Excellent,7283.280000000001,5000,77832.8
EMP1060,Charlie,Williams,30.0,Finance-Nevada,Inactive,10/19/2023,102369.42,charlie.williams@example.com,-5508428909,Average,10236.942000000001,5000,107369.42
EMP1061,Eva,Davis,40.0,Sales-Texas,Inactive,8/10/2021,64712.79,eva.davis@example.com,-7711991807,Excellent,6471.279,5000,69712.79000000001
EMP1062,Frank,Jones,40.0,Finance-Florida,Pending,3/13/2021,85782.18,frank.jones@example.com,-1213524786,Excellent,8578.217999999999,5000,90782.18
EMP1063,Charlie,Smith,25.0,HR-Illinois,Pending,7/20/2023,93348.26,charlie.smith@example.com,-1255213759,Poor,9334.826,5000,98348.26
EMP1064,David,Davis,35.0,Admin-New York,Active,2/20/2020,53234.96,david.davis@example.com,-3754821455,Good,5323.496,5000,58234.96
EMP1065,Bob,Johnson,40.0,Finance-Nevada,Pending,2/2/2021,100284.21,bob.johnson@example.com,-5328632665,Excellent,10028.421000000002,5000,105284.21
EMP1066,Grace,Brown,30.0,Admin-Nevada,Pending,1/12/2020,112486.19,grace.brown@example.com,-7850720810,Excellent,11248.619,5000,117486.19
EMP1067,Bob,Smith,40.0,Admin-New York,Pending,11/26/2022,82518.49,bob.smith@example.com,-5562606028,Poor,8251.849,5000,87518.49
EMP1068,Bob,Brown,40.0,Admin-Florida,Pending,12/23/2022,119152.47,bob.brown@example.com,-846684549,Poor,11915.247000000001,5000,124152.47
EMP1070,Charlie,Johnson,40.0,Finance-California,Active,9/16/2024,94636.3,charlie.johnson@example.com,-7563410855,Poor,9463.630000000001,5000,99636.3
EMP1071,Heidi,Johnson,30.0,HR-Florida,Active,1/1/2024,70000.97,heidi.johnson@example.com,-2884318847,Average,7000.097000000001,5000,75000.97
EMP1073,David,Johnson,25.0,Finance-Florida,Inactive,1/16/2023,82614.7,david.johnson@example.com,-8105485100,Average,8261.47,5000,87614.7
EMP1074,Grace,Jones,40.0,Sales-Nevada,Active,10/20/2024,111645.97,grace.jones@example.com,-7490753997,Good,11164.597000000002,5000,116645.97
EMP1075,Heidi,Johnson,25.0,HR-California,Inactive,10/13/2024,112414.91,heidi.johnson@example.com,-9354492682,Good,11241.491000000002,5000,117414.91
EMP1076,David,Brown,40.0,Admin-California,Inactive,9/21/2022,52031.74,david.brown@example.com,-1589357125,Good,5203.174,5000,57031.74
EMP1077,Grace,Brown,30.0,Finance-New York,Pending,12/29/2022,51887.65,grace.brown@example.com,-6110627370,Good,5188.765,5000,56887.65
EMP1078,Alice,Davis,25.0,DevOps-Florida,Active,11/10/2024,82318.89,alice.davis@example.com,-5869886496,Good,8231.889000000001,5000,87318.89
EMP1079,Grace,Brown,35.0,Admin-Florida,Inactive,11/22/2021,103286.08,grace.brown@example.com,-6776228276,Average,10328.608,5000,108286.08
EMP1080,Grace,Davis,35.0,Cloud Tech-Florida,Active,3/14/2024,87759.33,grace.davis@example.com,-2881377027,Average,8775.933,5000,92759.33
EMP1081,Frank,Brown,30.0,DevOps-Texas,Pending,3/23/2020,102796.32,frank.brown@example.com,-5196115939,Good,10279.632000000001,5000,107796.32
EMP1082,David,Jones,25.0,Sales-New York,Active,9/15/2020,83149.27,david.jones@example.com,-8215454469,Poor,8314.927000000001,5000,88149.27
EMP1083,David,Garcia,40.0,DevOps-California,Inactive,12/9/2020,92412.49,david.garcia@example.com,-2296044326,Excellent,9241.249000000002,5000,97412.49
EMP1084,Bob,Davis,30.0,HR-Texas,Pending,2/22/2020,115022.1,bob.davis@example.com,-185106793,Good,11502.210000000001,5000,120022.1
EMP1085,Grace,Williams,40.0,DevOps-New York,Active,4/27/2023,98343.01,grace.williams@example.com,-9756792286,Poor,9834.301,5000,103343.01
EMP1086,Bob,Miller,35.0,DevOps-Illinois,Active,6/18/2024,118869.1,bob.miller@example.com,-7725199662,Excellent,11886.910000000002,5000,123869.1
EMP1088,Grace,Brown,40.0,Cloud Tech-Florida,Inactive,7/25/2023,112410.25,grace.brown@example.com,-4818139889,Good,11241.025000000001,5000,117410.25
EMP1089,Charlie,Johnson,40.0,Admin-Nevada,Pending,8/25/2023,68905.77,charlie.johnson@example.com,-9837801819,Average,6890.577000000001,5000,73905.77
EMP1090,Heidi,Garcia,40.0,Finance-Nevada,Pending,7/3/2021,72561.32,heidi.garcia@example.com,-4339718955,Excellent,7256.132000000001,5000,77561.32
EMP1091,Bob,Brown,35.0,Finance-New York,Inactive,3/13/2023,92723.22,bob.brown@example.com,-9070562607,Excellent,9272.322,5000,97723.22
EMP1092,Alice,Johnson,40.0,HR-New York,Inactive,3/10/2021,74837.75,alice.johnson@example.com,-5641118241,Poor,7483.775000000001,5000,79837.75
EMP1094,David,Miller,40.0,Finance-Illinois,Active,11/15/2023,83326.52,david.miller@example.com,-2004615264,Average,8332.652,5000,88326.52
EMP1095,Heidi,Miller,25.0,Cloud Tech-California,Active,4/8/2022,98425.1,heidi.miller@example.com,-4610339936,Average,9842.510000000002,5000,103425.1
EMP1096,Frank,Johnson,40.0,Sales-Illinois,Inactive,5/21/2022,119764.2,frank.johnson@example.com,-8861405785,Average,11976.42,5000,124764.2
EMP1097,Frank,Brown,40.0,HR-California,Inactive,4/17/2021,58445.91,frank.brown@example.com,-1706304890,Excellent,5844.591,5000,63445.91
EMP1100,Charlie,Davis,35.0,Cloud Tech-Texas,Pending,8/21/2021,98819.22,charlie.davis@example.com,-794200748,Good,9881.922,5000,103819.22
EMP1101,Heidi,Johnson,25.0,Cloud Tech-Illinois,Inactive,8/19/2022,83509.99,heidi.johnson@example.com,-4653984027,Average,8350.999000000002,5000,88509.99
EMP1102,Alice,Johnson,35.0,Finance-Texas,Active,3/31/2022,84422.26,alice.johnson@example.com,-9141612845,Average,8442.226,5000,89422.26
EMP1103,Alice,Brown,30.0,Admin-Illinois,Inactive,6/23/2020,119574.27,alice.brown@example.com,-3985547434,Average,11957.427000000001,5000,124574.27
EMP1105,Heidi,Johnson,35.0,Sales-Florida,Inactive,3/10/2023,93471.91,heidi.johnson@example.com,-26876810,Poor,9347.191,5000,98471.91
EMP1106,Bob,Miller,30.0,DevOps-New York,Inactive,9/14/2023,55683.12,bob.miller@example.com,-8071569561,Poor,5568.312000000001,5000,60683.12
EMP1107,Bob,Brown,30.0,Cloud Tech-Florida,Inactive,11/12/2023,91566.78,bob.brown@example.com,-175370303,Good,9156.678,5000,96566.78
EMP1108,David,Miller,35.0,DevOps-California,Pending,10/26/2024,81782.19,david.miller@example.com,-5319433749,Good,8178.219000000001,5000,86782.19
EMP1110,Eva,Garcia,30.0,Cloud Tech-Texas,Active,6/11/2024,71532.83,eva.garcia@example.com,-8728399920,Good,7153.283,5000,76532.83
EMP1111,Eva,Davis,40.0,Cloud Tech-Florida,Pending,9/14/2021,98981.36,eva.davis@example.com,-9212493842,Good,9898.136,5000,103981.36
EMP1112,Heidi,Garcia,40.0,Cloud Tech-Illinois,Active,12/26/2024,80242.01,heidi.garcia@example.com,-894870604,Good,8024.201,5000,85242.01
EMP1113,Eva,Miller,25.0,Cloud Tech-New York,Pending,9/8/2024,110236.18,eva.miller@example.com,-6641877579,Average,11023.618,5000,115236.18
EMP1114,Alice,Davis,35.0,Sales-Texas,Active,8/21/2022,86327.47,alice.davis@example.com,-3046875062,Average,8632.747000000001,5000,91327.47
EMP1115,Eva,Brown,30.0,Sales-Florida,Pending,7/25/2024,84420.81,eva.brown@example.com,-5190361331,Average,8442.081,5000,89420.81
EMP1116,Frank,Smith,40.0,HR-California,Pending,8/2/2020,110041.32,frank.smith@example.com,-5411076094,Average,11004.132000000001,5000,115041.32
EMP1117,Heidi,Miller,35.0,DevOps-Florida,Pending,3/16/2020,81837.81,heidi.miller@example.com,-4317350582,Good,8183.781,5000,86837.81
EMP1118,Frank,Garcia,25.0,Finance-Illinois,Active,9/8/2023,110855.72,frank.garcia@example.com,-1997179109,Poor,11085.572,5000,115855.72
EMP1119,Alice,Jones,30.0,Sales-California,Pending,3/29/2024,84894.52,alice.jones@example.com,-651207048,Excellent,8489.452000000001,5000,89894.52
EMP1120,Alice,Garcia,30.0,HR-Illinois,Active,8/12/2021,80668.13,alice.garcia@example.com,-6110804660,Good,8066.813000000001,5000,85668.13
EMP1121,Bob,Jones,25.0,DevOps-Illinois,Active,12/24/2023,61086.47,bob.jones@example.com,-9639907675,Excellent,6108.647000000001,5000,66086.47
EMP1122,Grace,Johnson,25.0,Admin-Texas,Inactive,8/28/2020,95339.68,grace.johnson@example.com,-9915078592,Poor,9533.967999999999,5000,100339.68
EMP1125,Bob,Garcia,35.0,Finance-California,Pending,7/1/2021,107438.46,bob.garcia@example.com,-249685497,Good,10743.846000000001,5000,112438.46
EMP1127,Frank,Smith,35.0,Sales-Illinois,Inactive,7/21/2022,115299.66,frank.smith@example.com,-9203880652,Good,11529.966,5000,120299.66
EMP1129,Grace,Brown,40.0,DevOps-Nevada,Active,10/11/2022,117537.71,grace.brown@example.com,-9594652169,Excellent,11753.771,5000,122537.71
EMP1130,Frank,Brown,25.0,Finance-Texas,Pending,7/24/2022,51074.33,frank.brown@example.com,-7303379336,Excellent,5107.433000000001,5000,56074.33
EMP1131,Charlie,Jones,25.0,Finance-California,Inactive,6/30/2023,98489.32,charlie.jones@example.com,-5636205014,Excellent,9848.932,5000,103489.32
EMP1134,Bob,Davis,40.0,Cloud Tech-Nevada,Pending,11/22/2024,57035.51,bob.davis@example.com,-3230241025,Poor,5703.551,5000,62035.51
EMP1135,Eva,Jones,25.0,Cloud Tech-California,Active,8/23/2021,75092.43,eva.jones@example.com,-1534735527,Excellent,7509.2429999999995,5000,80092.43
EMP1138,Eva,Davis,40.0,HR-Nevada,Active,7/5/2024,82567.73,eva.davis@example.com,-4253042896,Poor,8256.773,5000,87567.73
EMP1139,Charlie,Smith,25.0,Finance-California,Pending,9/4/2021,94725.71,charlie.smith@example.com,-3179128684,Poor,9472.571000000002,5000,99725.71
EMP1140,Eva,Garcia,40.0,HR-New York,Inactive,10/13/2024,83824.56,eva.garcia@example.com,-7872558776,Poor,8382.456,5000,88824.56
EMP1142,Eva,Brown,25.0,Sales-Nevada,Pending,4/10/2020,113743.19,eva.brown@example.com,-6346692547,Good,11374.319000000001,5000,118743.19
EMP1143,Eva,Garcia,30.0,Sales-California,Active,7/27/2023,63309.24,eva.garcia@example.com,-1214785389,Good,6330.924,5000,68309.23999999999
EMP1144,Charlie,Garcia,25.0,DevOps-Nevada,Active,9/24/2021,105202.73,charlie.garcia@example.com,-7895677664,Excellent,10520.273000000001,5000,110202.73
EMP1145,Frank,Davis,30.0,Cloud Tech-California,Inactive,3/10/2024,79085.22,frank.davis@example.com,-7546027340,Good,7908.522000000001,5000,84085.22
EMP1147,Eva,Williams,35.0,Cloud Tech-Florida,Active,10/15/2020,102790.6,eva.williams@example.com,-1150835353,Good,10279.060000000001,5000,107790.6
EMP1149,Frank,Garcia,35.0,Sales-Florida,Pending,1/30/2022,57584.23,frank.garcia@example.com,-5669078262,Average,5758.423000000001,5000,62584.23
EMP1151,Heidi,Williams,35.0,DevOps-Florida,Active,10/13/2020,53174.28,heidi.williams@example.com,-1536637779,Average,5317.428,5000,58174.28
EMP1152,Heidi,Smith,25.0,Cloud Tech-New York,Pending,10/4/2020,77205.21,heidi.smith@example.com,-5292407552,Average,7720.521000000001,5000,82205.21
EMP1155,David,Johnson,35.0,Cloud Tech-Nevada,Inactive,1/20/2023,113118.73,david.johnson@example.com,-6186371596,Average,11311.873,5000,118118.73
EMP1156,Alice,Davis,40.0,HR-New York,Active,10/2/2024,107693.38,alice.davis@example.com,-4121820969,Average,10769.338000000002,5000,112693.38
EMP1158,David,Smith,25.0,Sales-New York,Pending,3/18/2021,106913.71,david.smith@example.com,-7058025661,Average,10691.371000000001,5000,111913.71
EMP1160,Bob,Davis,25.0,Admin-Texas,Inactive,6/5/2024,105190.21,bob.davis@example.com,-4672994937,Good,10519.021,5000,110190.21
EMP1161,Alice,Smith,30.0,HR-Texas,Active,2/28/2024,79467.24,alice.smith@example.com,-7430271692,Poor,7946.724000000001,5000,84467.24
EMP1162,Bob,Garcia,40.0,Finance-California,Pending,4/30/2023,57633.78,bob.garcia@example.com,-8597779013,Poor,5763.378000000001,5000,62633.78
EMP1164,Grace,Johnson,40.0,DevOps-Texas,Inactive,12/29/2023,113679.06,grace.johnson@example.com,-6762916031,Poor,11367.906,5000,118679.06
EMP1165,Bob,Smith,35.0,Sales-New York,Active,9/15/2020,69251.12,bob.smith@example.com,-4841376814,Poor,6925.112,5000,74251.12
EMP1166,Frank,Garcia,40.0,Sales-Illinois,Inactive,7/18/2022,85388.58,frank.garcia@example.com,-1185672437,Poor,8538.858,5000,90388.58
EMP1168,Heidi,Davis,40.0,Finance-Nevada,Active,10/2/2021,79873.48,heidi.davis@example.com,-41257770,Average,7987.348,5000,84873.48
EMP1169,Frank,Miller,30.0,DevOps-Florida,Active,7/5/2020,108224.03,frank.miller@example.com,-1837274219,Poor,10822.403,5000,113224.03
EMP1170,Bob,Garcia,35.0,Admin-Illinois,Active,4/16/2023,116963.72,bob.garcia@example.com,-9124186209,Average,11696.372000000001,5000,121963.72
EMP1171,Bob,Jones,40.0,HR-Nevada,Inactive,11/12/2024,114109.06,bob.jones@example.com,-4275230836,Average,11410.906,5000,119109.06
EMP1173,Heidi,Brown,30.0,Cloud Tech-California,Pending,1/22/2022,58041.97,heidi.brown@example.com,-6335331059,Poor,5804.197,5000,63041.97
EMP1174,David,Garcia,40.0,Sales-Illinois,Pending,10/14/2023,94988.94,david.garcia@example.com,-531312205,Good,9498.894,5000,99988.94
EMP1175,Eva,Miller,25.0,Admin-California,Pending,4/10/2024,71628.93,eva.miller@example.com,-8155839385,Excellent,7162.893,5000,76628.93
EMP1176,Alice,Williams,30.0,Admin-Illinois,Pending,3/31/2022,54870.98,alice.williams@example.com,-6133155205,Good,5487.098000000001,5000,59870.98
EMP1177,Alice,Williams,25.0,DevOps-Illinois,Active,2/9/2022,79388.27,alice.williams@example.com,-5063731494,Average,7938.827000000001,5000,84388.27
EMP1178,Frank,Smith,35.0,DevOps-California,Pending,5/6/2023,55946.99,frank.smith@example.com,-136497188,Average,5594.6990000000005,5000,60946.99
EMP1180,Heidi,Jones,40.0,HR-New York,Pending,8/21/2020,74162.1,heidi.jones@example.com,-7150997682,Excellent,7416.210000000001,5000,79162.1
EMP1182,Alice,Miller,30.0,HR-New York,Active,4/14/2024,67886.37,alice.miller@example.com,-3910257431,Poor,6788.637,5000,72886.37
EMP1183,Alice,Williams,40.0,DevOps-Florida,Active,9/21/2020,76614.52,alice.williams@example.com,-6303975244,Good,7661.452000000001,5000,81614.52
EMP1184,Frank,Smith,25.0,Finance-Nevada,Active,6/12/2022,51311.91,frank.smith@example.com,-864035532,Excellent,5131.191000000001,5000,56311.91
EMP1186,Grace,Johnson,25.0,HR-New York,Pending,7/31/2022,108241.81,grace.johnson@example.com,-171302320,Excellent,10824.181,5000,113241.81
EMP1187,Bob,Davis,40.0,Cloud Tech-New York,Inactive,4/21/2023,78031.49,bob.davis@example.com,-2983381673,Good,7803.149000000001,5000,83031.49
EMP1188,Eva,Davis,35.0,Admin-California,Active,6/5/2020,85733.83,eva.davis@example.com,-2336293448,Excellent,8573.383,5000,90733.83
EMP1189,David,Miller,35.0,HR-Nevada,Pending,7/27/2024,60338.29,david.miller@example.com,-7347156626,Excellent,6033.829000000001,5000,65338.29
EMP1190,Eva,Davis,30.0,Admin-Illinois,Active,4/5/2024,103140.67,eva.davis@example.com,-7689627065,Excellent,10314.067000000001,5000,108140.67
EMP1191,Heidi,Williams,40.0,Sales-Illinois,Inactive,10/26/2023,114690.8,heidi.williams@example.com,-1498282466,Poor,11469.080000000002,5000,119690.8
EMP1192,Frank,Smith,35.0,Admin-Florida,Active,8/18/2022,80954.56,frank.smith@example.com,-4746897151,Good,8095.456,5000,85954.56
EMP1194,Alice,Davis,35.0,HR-Texas,Pending,11/4/2024,118415.8,alice.davis@example.com,-6656749159,Good,11841.580000000002,5000,123415.8
EMP1195,Grace,Johnson,40.0,Sales-Illinois,Pending,3/25/2020,81481.36,grace.johnson@example.com,-1692364586,Excellent,8148.136,5000,86481.36
EMP1196,David,Johnson,35.0,Sales-Florida,Pending,11/4/2020,117040.57,david.johnson@example.com,-5066337049,Good,11704.057,5000,122040.57
EMP1197,Frank,Brown,25.0,Sales-Nevada,Active,3/21/2020,67342.06,frank.brown@example.com,-2497243991,Good,6734.206,5000,72342.06
EMP1199,Grace,Williams,35.0,DevOps-Illinois,Active,6/4/2024,94162.06,grace.williams@example.com,-2644886945,Average,9416.206,5000,99162.06
EMP1200,Frank,Davis,25.0,Sales-Nevada,Inactive,8/4/2021,67639.7,frank.davis@example.com,-1195243639,Excellent,6763.97,5000,72639.7
EMP1201,Charlie,Garcia,35.0,Cloud Tech-Illinois,Pending,10/16/2020,114172.25,charlie.garcia@example.com,-2701168645,Good,11417.225,5000,119172.25
EMP1202,Grace,Davis,30.0,Sales-Nevada,Active,9/26/2021,89124.54,grace.davis@example.com,-2252237280,Excellent,8912.454,5000,94124.54
EMP1203,Frank,Smith,30.0,DevOps-Nevada,Pending,11/4/2023,113871.36,frank.smith@example.com,-7932302345,Average,11387.136,5000,118871.36
EMP1205,Heidi,Jones,30.0,Admin-New York,Active,6/7/2020,70705.45,heidi.jones@example.com,-1509377099,Good,7070.545,5000,75705.45
EMP1206,Alice,Garcia,35.0,Sales-New York,Pending,2/10/2022,60797.69,alice.garcia@example.com,-4090138068,Average,6079.769,5000,65797.69
EMP1207,Charlie,Brown,40.0,Cloud Tech-Florida,Inactive,10/17/2023,100371.0,charlie.brown@example.com,-8477596554,Poor,10037.1,5000,105371.0
EMP1208,Eva,Miller,40.0,Admin-Illinois,Active,9/25/2021,117591.76,eva.miller@example.com,-5356690550,Good,11759.176,5000,122591.76
EMP1209,David,Jones,35.0,DevOps-Illinois,Inactive,8/3/2022,103860.7,david.jones@example.com,-762091842,Average,10386.07,5000,108860.7
EMP1210,Grace,Davis,30.0,Admin-Illinois,Active,11/22/2024,67500.22,grace.davis@example.com,-5797863049,Average,6750.022000000001,5000,72500.22
EMP1212,Charlie,Jones,35.0,Finance-Illinois,Active,8/28/2024,80623.08,charlie.jones@example.com,-5671649327,Excellent,8062.308000000001,5000,85623.08
EMP1213,David,Davis,40.0,HR-Texas,Inactive,4/19/2020,77751.78,david.davis@example.com,-9802714871,Excellent,7775.178,5000,82751.78
EMP1214,Grace,Williams,25.0,HR-New York,Active,10/14/2021,115157.81,grace.williams@example.com,-7178333210,Good,11515.781,5000,120157.81
EMP1215,Frank,Jones,30.0,Admin-Texas,Inactive,8/26/2024,83071.85,frank.jones@example.com,-6025643470,Poor,8307.185000000001,5000,88071.85
EMP1216,Heidi,Brown,40.0,Sales-Texas,Active,2/8/2020,67914.67,heidi.brown@example.com,-2871539914,Excellent,6791.467000000001,5000,72914.67
EMP1217,Grace,Jones,25.0,HR-New York,Inactive,9/6/2020,53342.46,grace.jones@example.com,-6686334140,Poor,5334.246,5000,58342.46
EMP1218,Heidi,Garcia,25.0,Cloud Tech-Florida,Pending,1/2/2023,51150.47,heidi.garcia@example.com,-1159319524,Excellent,5115.0470000000005,5000,56150.47
EMP1219,David,Davis,30.0,HR-Florida,Active,6/13/2023,74697.12,david.davis@example.com,-6904098365,Average,7469.7119999999995,5000,79697.12
EMP1220,Charlie,Williams,25.0,Sales-California,Active,12/13/2022,88085.74,charlie.williams@example.com,-5528993159,Excellent,8808.574,5000,93085.74
EMP1221,Alice,Williams,40.0,Finance-Texas,Pending,3/3/2022,118672.76,alice.williams@example.com,-8752437728,Poor,11867.276,5000,123672.76
EMP1222,Alice,Miller,35.0,Cloud Tech-California,Active,2/10/2024,95997.31,alice.miller@example.com,-4209548148,Average,9599.731,5000,100997.31
EMP1223,Frank,Brown,30.0,Cloud Tech-California,Pending,11/24/2021,106945.62,frank.brown@example.com,-7374605232,Average,10694.562,5000,111945.62
EMP1224,Heidi,Johnson,40.0,DevOps-New York,Active,5/9/2020,100123.15,heidi.johnson@example.com,-276420864,Average,10012.315,5000,105123.15
EMP1225,Alice,Johnson,35.0,Admin-Texas,Active,12/19/2024,52933.42,alice.johnson@example.com,-6756618442,Poor,5293.342000000001,5000,57933.42
EMP1227,Alice,Miller,35.0,HR-Texas,Inactive,6/13/2022,112264.06,alice.miller@example.com,-9277423329,Good,11226.406,5000,117264.06
EMP1228,Grace,Smith,35.0,Admin-Florida,Pending,10/15/2022,75714.28,grace.smith@example.com,-5912662014,Good,7571.428,5000,80714.28
EMP1229,Eva,Jones,25.0,DevOps-Florida,Active,5/31/2022,92171.73,eva.jones@example.com,-7201859625,Poor,9217.173,5000,97171.73
EMP1230,Eva,Miller,35.0,Cloud Tech-Texas,Inactive,9/15/2023,70694.8,eva.miller@example.com,-3013674925,Average,7069.4800000000005,5000,75694.8
EMP1231,Grace,Brown,30.0,DevOps-Florida,Inactive,7/4/2022,52964.86,grace.brown@example.com,-1764750110,Good,5296.486000000001,5000,57964.86
EMP1233,Grace,Brown,35.0,Sales-Nevada,Pending,11/23/2020,116695.26,grace.brown@example.com,-1926764920,Good,11669.526,5000,121695.26
EMP1234,Heidi,Brown,25.0,Admin-Texas,Active,5/13/2024,95161.4,heidi.brown@example.com,-5182606887,Excellent,9516.14,5000,100161.4
EMP1237,Alice,Miller,30.0,Finance-Illinois,Inactive,2/24/2023,58243.27,alice.miller@example.com,-2184011844,Average,5824.327,5000,63243.27
EMP1238,Heidi,Williams,30.0,Sales-California,Pending,10/2/2022,64012.48,heidi.williams@example.com,-8260340847,Poor,6401.2480000000005,5000,69012.48000000001
EMP1239,Bob,Garcia,40.0,Admin-Nevada,Inactive,6/28/2020,106735.93,bob.garcia@example.com,-7297585987,Average,10673.593,5000,111735.93
EMP1240,Frank,Johnson,35.0,DevOps-Texas,Pending,1/15/2023,70325.36,frank.johnson@example.com,-3103032431,Average,7032.536,5000,75325.36
EMP1241,Charlie,Davis,30.0,HR-Illinois,Active,9/5/2020,118959.28,charlie.davis@example.com,-9839542960,Average,11895.928,5000,123959.28
EMP1242,David,Brown,40.0,Cloud Tech-California,Pending,3/18/2023,75823.78,david.brown@example.com,-8446267145,Average,7582.378000000001,5000,80823.78
EMP1244,Grace,Davis,40.0,Sales-Texas,Active,10/11/2021,94963.7,grace.davis@example.com,-2625660930,Good,9496.37,5000,99963.7
EMP1245,Frank,Miller,30.0,Sales-Nevada,Pending,1/7/2021,103744.71,frank.miller@example.com,-4181861514,Average,10374.471000000001,5000,108744.71
EMP1246,Alice,Smith,25.0,Sales-New York,Inactive,12/3/2020,61337.69,alice.smith@example.com,-5423401635,Average,6133.769,5000,66337.69
EMP1247,David,Smith,35.0,Sales-California,Active,5/28/2021,63741.13,david.smith@example.com,-1128497184,Poor,6374.113,5000,68741.13
EMP1248,Eva,Smith,30.0,DevOps-California,Pending,12/28/2022,56539.99,eva.smith@example.com,-9484910255,Excellent,5653.999,5000,61539.99
EMP1249,Charlie,Williams,30.0,DevOps-Illinois,Pending,5/24/2023,73633.37,charlie.williams@example.com,-2588967923,Good,7363.3369999999995,5000,78633.37
EMP1250,Alice,Miller,25.0,Cloud Tech-Texas,Pending,4/28/2024,90373.99,alice.miller@example.com,-822269404,Good,9037.399000000001,5000,95373.99
EMP1252,Eva,Brown,40.0,Admin-Nevada,Inactive,9/1/2021,81748.09,eva.brown@example.com,-4683414650,Average,8174.809,5000,86748.09
EMP1253,Charlie,Jones,40.0,Finance-Florida,Inactive,2/21/2021,73813.48,charlie.jones@example.com,-1131290147,Average,7381.348,5000,78813.48
EMP1254,Frank,Smith,35.0,Finance-New York,Inactive,11/20/2022,89315.59,frank.smith@example.com,-7068277880,Average,8931.559,5000,94315.59
EMP1255,Heidi,Williams,25.0,HR-Florida,Active,10/15/2020,56776.82,heidi.williams@example.com,-6093068537,Poor,5677.682000000001,5000,61776.82
EMP1257,Frank,Miller,30.0,Admin-Florida,Pending,8/14/2022,84913.18,frank.miller@example.com,-2850676250,Average,8491.318,5000,89913.18
EMP1258,Alice,Garcia,25.0,Finance-Illinois,Inactive,5/8/2021,65060.11,alice.garcia@example.com,-5381447442,Excellent,6506.011,5000,70060.11
EMP1259,Alice,Williams,35.0,Finance-Illinois,Pending,10/9/2023,82941.08,alice.williams@example.com,-963480796,Poor,8294.108,5000,87941.08
EMP1260,Bob,Smith,40.0,Admin-California,Pending,1/19/2022,103469.97,bob.smith@example.com,-509754509,Good,10346.997000000001,5000,108469.97
EMP1261,Grace,Miller,25.0,Sales-Illinois,Active,1/12/2022,88725.6,grace.miller@example.com,-5265016730,Average,8872.560000000001,5000,93725.6
EMP1263,Grace,Smith,35.0,HR-Illinois,Inactive,3/26/2024,60098.72,grace.smith@example.com,-7654562840,Excellent,6009.872,5000,65098.72
EMP1265,Heidi,Johnson,30.0,Sales-Illinois,Active,11/2/2021,115195.81,heidi.johnson@example.com,-3402665022,Good,11519.581,5000,120195.81
EMP1269,David,Williams,25.0,Sales-Florida,Active,12/9/2022,94031.77,david.williams@example.com,-4716392822,Excellent,9403.177000000001,5000,99031.77
EMP1270,Grace,Miller,30.0,DevOps-New York,Active,3/18/2023,116374.36,grace.miller@example.com,-4143637188,Excellent,11637.436000000002,5000,121374.36
EMP1271,Alice,Garcia,40.0,HR-Florida,Active,4/25/2022,98335.02,alice.garcia@example.com,-2392312603,Excellent,9833.502,5000,103335.02
EMP1272,Heidi,Garcia,25.0,DevOps-New York,Pending,2/28/2021,89262.07,heidi.garcia@example.com,-3260931065,Poor,8926.207,5000,94262.07
EMP1274,Frank,Smith,35.0,Sales-Florida,Active,5/19/2021,69530.45,frank.smith@example.com,-414545634,Poor,6953.045,5000,74530.45
EMP1275,Eva,Brown,35.0,DevOps-New York,Pending,12/14/2023,84230.22,eva.brown@example.com,-200053473,Good,8423.022,5000,89230.22
EMP1276,Eva,Smith,35.0,Cloud Tech-Illinois,Pending,1/17/2023,76578.59,eva.smith@example.com,-9162475540,Average,7657.859,5000,81578.59
EMP1277,Frank,Miller,30.0,HR-Texas,Inactive,1/2/2024,55532.06,frank.miller@example.com,-1082555988,Excellent,5553.206,5000,60532.06
EMP1278,Eva,Smith,40.0,Admin-New York,Pending,7/9/2021,115311.68,eva.smith@example.com,-5343961128,Excellent,11531.168,5000,120311.68
EMP1279,Charlie,Johnson,25.0,Sales-Nevada,Pending,5/5/2021,66972.06,charlie.johnson@example.com,-1093371188,Good,6697.206,5000,71972.06
EMP1280,David,Brown,30.0,Cloud Tech-Texas,Inactive,11/7/2021,100215.06,david.brown@example.com,-5473820235,Average,10021.506000000001,5000,105215.06
EMP1281,Charlie,Brown,25.0,Sales-New York,Inactive,8/30/2023,115452.25,charlie.brown@example.com,-8485571616,Poor,11545.225,5000,120452.25
EMP1282,Heidi,Miller,30.0,HR-California,Inactive,8/15/2023,54141.38,heidi.miller@example.com,-6880294239,Average,5414.138,5000,59141.38
EMP1284,Alice,Johnson,40.0,Finance-New York,Pending,11/21/2024,114822.78,alice.johnson@example.com,-8686694319,Good,11482.278,5000,119822.78
EMP1285,Alice,Williams,35.0,Sales-Illinois,Active,11/17/2021,69919.32,alice.williams@example.com,-2939087883,Average,6991.932000000001,5000,74919.32
EMP1286,Heidi,Smith,30.0,Sales-Florida,Inactive,1/29/2021,106616.97,heidi.smith@example.com,-4344812307,Poor,10661.697,5000,111616.97
EMP1287,Heidi,Jones,35.0,DevOps-New York,Active,2/17/2024,73597.85,heidi.jones@example.com,-3402424032,Poor,7359.785000000001,5000,78597.85
EMP1288,David,Smith,30.0,Sales-Nevada,Inactive,8/20/2024,79939.23,david.smith@example.com,-8105955183,Excellent,7993.923,5000,84939.23
EMP1290,Grace,Smith,30.0,Finance-California,Inactive,9/10/2021,90772.25,grace.smith@example.com,-2408916497,Average,9077.225,5000,95772.25
EMP1291,Eva,Williams,35.0,DevOps-New York,Active,9/29/2023,58275.74,eva.williams@example.com,-3735439626,Good,5827.5740000000005,5000,63275.74
EMP1294,Frank,Johnson,40.0,DevOps-Illinois,Inactive,3/31/2024,87626.24,frank.johnson@example.com,-6931216375,Good,8762.624000000002,5000,92626.24
EMP1295,David,Brown,30.0,DevOps-Illinois,Active,12/12/2022,81272.36,david.brown@example.com,-1820916600,Poor,8127.236000000001,5000,86272.36
EMP1297,Charlie,Davis,35.0,Sales-Florida,Active,10/25/2023,64378.1,charlie.davis@example.com,-1851327971,Poor,6437.81,5000,69378.1
EMP1300,Alice,Smith,30.0,Sales-Texas,Active,5/17/2022,74117.02,alice.smith@example.com,-3036625435,Poor,7411.702000000001,5000,79117.02
EMP1301,Alice,Smith,25.0,Finance-Texas,Inactive,4/17/2022,62598.69,alice.smith@example.com,-1721314518,Average,6259.869000000001,5000,67598.69
EMP1302,Grace,Williams,35.0,Finance-Florida,Inactive,2/8/2022,55617.5,grace.williams@example.com,-5151092267,Excellent,5561.75,5000,60617.5
EMP1303,Charlie,Miller,35.0,Cloud Tech-New York,Pending,3/15/2022,87018.98,charlie.miller@example.com,-5926249450,Good,8701.898,5000,92018.98
EMP1304,David,Johnson,25.0,Cloud Tech-California,Inactive,10/11/2023,100336.58,david.johnson@example.com,-4754102251,Excellent,10033.658000000001,5000,105336.58
EMP1305,Grace,Jones,30.0,Admin-Florida,Inactive,11/13/2020,69295.48,grace.jones@example.com,-6771196420,Excellent,6929.548,5000,74295.48
EMP1306,Bob,Brown,25.0,DevOps-Florida,Pending,4/17/2024,115536.66,bob.brown@example.com,-5226557675,Excellent,11553.666000000001,5000,120536.66
EMP1307,David,Johnson,30.0,Cloud Tech-Texas,Pending,3/9/2020,81250.87,david.johnson@example.com,-9523668787,Excellent,8125.0869999999995,5000,86250.87
EMP1308,Alice,Garcia,30.0,DevOps-Texas,Inactive,6/17/2022,66403.75,alice.garcia@example.com,-7883619688,Good,6640.375,5000,71403.75
EMP1309,Alice,Miller,30.0,Sales-California,Active,7/28/2024,114147.79,alice.miller@example.com,-3135030586,Excellent,11414.779,5000,119147.79
EMP1310,Frank,Garcia,30.0,HR-New York,Pending,12/3/2022,65472.99,frank.garcia@example.com,-2105524727,Good,6547.299,5000,70472.98999999999
EMP1312,Alice,Brown,35.0,DevOps-Nevada,Inactive,5/28/2024,86712.41,alice.brown@example.com,-6501917919,Average,8671.241,5000,91712.41
EMP1313,Grace,Davis,30.0,HR-Florida,Active,3/25/2024,87654.98,grace.davis@example.com,-2521310961,Poor,8765.498,5000,92654.98
EMP1314,David,Williams,35.0,DevOps-New York,Inactive,4/28/2020,89367.02,david.williams@example.com,-2728476569,Poor,8936.702000000001,5000,94367.02
EMP1315,Charlie,Garcia,40.0,Admin-California,Active,11/7/2021,95269.41,charlie.garcia@example.com,-4120092819,Good,9526.941,5000,100269.41
EMP1316,Frank,Williams,25.0,Sales-Nevada,Active,4/15/2020,68792.31,frank.williams@example.com,-6678498435,Average,6879.231,5000,73792.31
EMP1317,Alice,Smith,25.0,Admin-Illinois,Pending,10/7/2023,89119.53,alice.smith@example.com,-2418623689,Good,8911.953,5000,94119.53
EMP1318,Frank,Davis,35.0,Cloud Tech-New York,Active,2/27/2024,58212.13,frank.davis@example.com,-3628917755,Good,5821.213,5000,63212.13
EMP1319,Heidi,Miller,30.0,DevOps-Illinois,Pending,2/22/2021,77764.24,heidi.miller@example.com,-6205634110,Good,7776.424000000001,5000,82764.24
EMP1320,Frank,Garcia,35.0,Finance-Florida,Pending,8/21/2023,75148.17,frank.garcia@example.com,-5950342810,Average,7514.817,5000,80148.17
EMP1321,Heidi,Jones,40.0,Cloud Tech-Nevada,Inactive,4/8/2024,108781.18,heidi.jones@example.com,-3904383033,Poor,10878.118,5000,113781.18
EMP1322,Frank,Brown,35.0,Finance-Texas,Pending,11/4/2024,65489.19,frank.brown@example.com,-1990970050,Average,6548.919000000001,5000,70489.19
EMP1324,David,Miller,40.0,Sales-New York,Inactive,2/1/2023,95822.56,david.miller@example.com,-2156818208,Average,9582.256,5000,100822.56
EMP1325,Eva,Miller,40.0,DevOps-Nevada,Pending,10/1/2022,82258.03,eva.miller@example.com,-6790422710,Average,8225.803,5000,87258.03
EMP1326,Frank,Williams,30.0,Admin-Nevada,Pending,9/27/2022,62883.34,frank.williams@example.com,-3322889856,Average,6288.334,5000,67883.34
EMP1328,David,Garcia,25.0,DevOps-New York,Active,3/23/2021,85401.3,david.garcia@example.com,-9912971023,Poor,8540.130000000001,5000,90401.3
EMP1331,Charlie,Smith,25.0,Cloud Tech-Illinois,Active,5/8/2021,63435.24,charlie.smith@example.com,-4721970545,Poor,6343.524,5000,68435.23999999999
EMP1332,Frank,Brown,35.0,Finance-Texas,Inactive,4/11/2022,82129.84,frank.brown@example.com,-6927589550,Average,8212.984,5000,87129.84
EMP1333,David,Williams,35.0,DevOps-Texas,Pending,10/23/2024,95492.61,david.williams@example.com,-6874090379,Good,9549.261,5000,100492.61
EMP1334,Grace,Miller,40.0,Finance-Illinois,Inactive,4/24/2020,94572.37,grace.miller@example.com,-2146296135,Good,9457.237,5000,99572.37
EMP1335,Bob,Garcia,40.0,Finance-Nevada,Inactive,3/4/2023,118413.05,bob.garcia@example.com,-7157787111,Poor,11841.305,5000,123413.05
EMP1336,Alice,Jones,30.0,Admin-Nevada,Pending,8/31/2022,68976.65,alice.jones@example.com,-1663651558,Poor,6897.665,5000,73976.65
EMP1342,Heidi,Williams,40.0,Admin-California,Pending,2/7/2022,80229.36,heidi.williams@example.com,-6778265959,Excellent,8022.936000000001,5000,85229.36
EMP1343,Grace,Johnson,25.0,Sales-California,Active,12/31/2023,55145.47,grace.johnson@example.com,-8931992549,Good,5514.5470000000005,5000,60145.47
EMP1345,Eva,Davis,40.0,HR-California,Active,9/28/2020,56110.81,eva.davis@example.com,-7279103367,Good,5611.081,5000,61110.81
EMP1346,Grace,Williams,25.0,Cloud Tech-Texas,Inactive,2/9/2023,56514.5,grace.williams@example.com,-2963533904,Average,5651.450000000001,5000,61514.5
EMP1347,Frank,Brown,40.0,Cloud Tech-California,Inactive,3/5/2022,104541.84,frank.brown@example.com,-5044817765,Good,10454.184000000001,5000,109541.84
EMP1349,Eva,Davis,40.0,Admin-Texas,Active,6/9/2022,69317.33,eva.davis@example.com,-5289286645,Good,6931.733,5000,74317.33
EMP1350,Bob,Brown,35.0,HR-New York,Pending,7/4/2023,84706.17,bob.brown@example.com,-4911110960,Average,8470.617,5000,89706.17
EMP1351,Heidi,Smith,25.0,Admin-California,Active,3/21/2022,73255.21,heidi.smith@example.com,-7981789045,Average,7325.521000000001,5000,78255.21
EMP1352,Frank,Smith,40.0,HR-Florida,Pending,5/2/2023,59528.71,frank.smith@example.com,-3378613714,Poor,5952.871,5000,64528.71
EMP1353,David,Garcia,40.0,HR-New York,Inactive,10/15/2021,70401.37,david.garcia@example.com,-7660538443,Good,7040.137,5000,75401.37
EMP1356,Heidi,Johnson,30.0,Finance-California,Pending,5/21/2020,107327.59,heidi.johnson@example.com,-3960962625,Poor,10732.759,5000,112327.59
EMP1357,Grace,Garcia,40.0,Admin-Nevada,Inactive,5/10/2021,67687.72,grace.garcia@example.com,-5826312818,Excellent,6768.772000000001,5000,72687.72
EMP1358,Grace,Smith,40.0,Cloud Tech-Florida,Pending,9/8/2022,90757.08,grace.smith@example.com,-6482531105,Good,9075.708,5000,95757.08
EMP1360,Bob,Brown,25.0,Admin-Nevada,Pending,12/28/2021,61643.69,bob.brown@example.com,-2752334382,Good,6164.369000000001,5000,66643.69
EMP1361,Grace,Smith,35.0,Finance-Texas,Active,7/20/2020,68111.69,grace.smith@example.com,-6404120910,Poor,6811.169000000001,5000,73111.69
EMP1362,David,Smith,40.0,HR-Florida,Inactive,4/30/2024,97568.88,david.smith@example.com,-7911244210,Average,9756.888,5000,102568.88
EMP1363,Charlie,Johnson,35.0,Cloud Tech-Florida,Active,8/28/2021,79118.28,charlie.johnson@example.com,-7536170616,Poor,7911.828,5000,84118.28
EMP1364,Bob,Davis,30.0,HR-California,Inactive,7/21/2022,104898.9,bob.davis@example.com,-1366572239,Excellent,10489.89,5000,109898.9
EMP1365,Frank,Davis,40.0,Cloud Tech-Florida,Pending,11/27/2023,81671.3,frank.davis@example.com,-2990155798,Poor,8167.130000000001,5000,86671.3
EMP1366,Alice,Miller,25.0,Cloud Tech-California,Pending,8/11/2020,97399.75,alice.miller@example.com,-8028413907,Excellent,9739.975,5000,102399.75
EMP1368,David,Williams,40.0,DevOps-New York,Active,8/4/2023,96011.55,david.williams@example.com,-2312447314,Average,9601.155,5000,101011.55
EMP1369,David,Davis,40.0,Sales-Florida,Inactive,1/10/2020,99331.49,david.davis@example.com,-8477686341,Excellent,9933.149000000001,5000,104331.49
EMP1371,Eva,Garcia,40.0,Sales-Nevada,Inactive,5/7/2023,77204.75,eva.garcia@example.com,-6769459195,Good,7720.475,5000,82204.75
EMP1372,Bob,Johnson,35.0,HR-Florida,Pending,12/19/2020,106961.68,bob.johnson@example.com,-6395517207,Poor,10696.168,5000,111961.68
EMP1374,Bob,Smith,30.0,HR-Nevada,Active,11/12/2022,77192.43,bob.smith@example.com,-2562531354,Excellent,7719.2429999999995,5000,82192.43
EMP1375,Grace,Brown,40.0,Admin-Florida,Pending,1/5/2023,98540.3,grace.brown@example.com,-2510505378,Good,9854.03,5000,103540.3
EMP1377,Alice,Smith,35.0,Cloud Tech-Florida,Active,2/3/2021,107065.12,alice.smith@example.com,-1849196654,Average,10706.512,5000,112065.12
EMP1378,Heidi,Johnson,40.0,DevOps-Florida,Inactive,12/25/2023,108792.43,heidi.johnson@example.com,-3307704610,Poor,10879.243,5000,113792.43
EMP1380,Charlie,Garcia,40.0,Sales-Nevada,Inactive,1/30/2023,85756.42,charlie.garcia@example.com,-907426087,Average,8575.642,5000,90756.42
EMP1382,Grace,Brown,25.0,DevOps-Nevada,Active,9/1/2021,111236.69,grace.brown@example.com,-5618579063,Excellent,11123.669000000002,5000,116236.69
EMP1383,Eva,Jones,35.0,Cloud Tech-Florida,Active,5/7/2024,106832.22,eva.jones@example.com,-7715910299,Good,10683.222000000002,5000,111832.22
EMP1385,David,Garcia,25.0,Sales-California,Pending,7/29/2021,91780.04,david.garcia@example.com,-40104144,Poor,9178.003999999999,5000,96780.04
EMP1386,Eva,Williams,35.0,Sales-California,Pending,10/23/2023,107062.66,eva.williams@example.com,-9642297124,Good,10706.266000000001,5000,112062.66
EMP1387,Grace,Davis,25.0,HR-Nevada,Active,12/7/2023,110625.52,grace.davis@example.com,-2967188396,Excellent,11062.552000000001,5000,115625.52
EMP1388,Frank,Smith,30.0,DevOps-Florida,Inactive,10/18/2020,90419.79,frank.smith@example.com,-7457314414,Average,9041.979,5000,95419.79
EMP1389,Grace,Smith,40.0,Finance-Texas,Pending,6/15/2024,111608.76,grace.smith@example.com,-8331170302,Good,11160.876,5000,116608.76
EMP1390,Eva,Williams,35.0,Finance-Florida,Inactive,4/6/2023,50173.12,eva.williams@example.com,-7637153987,Poor,5017.312000000001,5000,55173.12
EMP1391,Bob,Williams,40.0,DevOps-Nevada,Pending,1/3/2022,109507.44,bob.williams@example.com,-5472812355,Good,10950.744,5000,114507.44
EMP1392,Grace,Garcia,30.0,Finance-New York,Inactive,7/3/2021,72600.56,grace.garcia@example.com,-7983631461,Excellent,7260.0560000000005,5000,77600.56
EMP1394,Heidi,Williams,25.0,Cloud Tech-New York,Inactive,7/23/2022,50047.32,heidi.williams@example.com,-2407875417,Good,5004.732,5000,55047.32
EMP1395,David,Brown,30.0,DevOps-California,Active,11/25/2024,115290.79,david.brown@example.com,-1563268684,Poor,11529.079,5000,120290.79
EMP1396,Frank,Garcia,35.0,Cloud Tech-California,Pending,8/21/2023,61586.76,frank.garcia@example.com,-745106633,Excellent,6158.676,5000,66586.76000000001
EMP1397,Eva,Miller,30.0,Finance-Nevada,Active,12/12/2023,56662.86,eva.miller@example.com,-3629489785,Average,5666.286,5000,61662.86
EMP1399,Frank,Smith,25.0,Finance-Nevada,Active,9/5/2022,54957.98,frank.smith@example.com,-3181439665,Excellent,5495.798000000001,5000,59957.98
EMP1400,Bob,Garcia,25.0,HR-California,Inactive,10/7/2020,76790.47,bob.garcia@example.com,-1347323548,Excellent,7679.0470000000005,5000,81790.47
EMP1401,Charlie,Brown,30.0,Cloud Tech-Illinois,Pending,1/18/2020,92722.35,charlie.brown@example.com,-4012897431,Excellent,9272.235,5000,97722.35
EMP1402,Frank,Williams,30.0,DevOps-Nevada,Active,4/23/2022,93125.32,frank.williams@example.com,-5122572075,Average,9312.532000000001,5000,98125.32
EMP1403,David,Smith,25.0,Cloud Tech-New York,Active,4/22/2023,101100.64,david.smith@example.com,-5024120956,Average,10110.064,5000,106100.64
EMP1404,Grace,Garcia,35.0,Admin-New York,Inactive,8/13/2023,55897.41,grace.garcia@example.com,-9073710093,Poor,5589.741000000001,5000,60897.41
EMP1405,Eva,Brown,25.0,DevOps-California,Active,11/26/2022,92484.88,eva.brown@example.com,-3882211456,Good,9248.488000000001,5000,97484.88
EMP1406,Grace,Miller,35.0,DevOps-Texas,Active,10/10/2022,77011.99,grace.miller@example.com,-7584745704,Average,7701.1990000000005,5000,82011.99
EMP1408,Grace,Brown,35.0,Sales-Nevada,Active,4/11/2024,82971.02,grace.brown@example.com,-6325703964,Good,8297.102,5000,87971.02
EMP1409,Bob,Miller,25.0,Sales-Texas,Active,6/20/2021,65102.01,bob.miller@example.com,-3136148781,Average,6510.201000000001,5000,70102.01000000001
EMP1411,Grace,Garcia,25.0,DevOps-Illinois,Pending,6/15/2023,60687.63,grace.garcia@example.com,-9859167953,Excellent,6068.763,5000,65687.63
EMP1413,Bob,Smith,35.0,DevOps-Florida,Pending,9/29/2024,66704.62,bob.smith@example.com,-2474140702,Poor,6670.4619999999995,5000,71704.62
EMP1414,Grace,Williams,25.0,Finance-Illinois,Pending,4/22/2020,71650.3,grace.williams@example.com,-4910740649,Poor,7165.030000000001,5000,76650.3
EMP1415,Charlie,Smith,25.0,Cloud Tech-Nevada,Active,12/7/2023,50794.54,charlie.smith@example.com,-425488213,Good,5079.454000000001,5000,55794.54
EMP1417,Eva,Johnson,25.0,Cloud Tech-California,Inactive,7/11/2021,86669.79,eva.johnson@example.com,-3666144941,Excellent,8666.979,5000,91669.79
EMP1418,Bob,Garcia,40.0,Finance-Illinois,Inactive,4/23/2020,84972.7,bob.garcia@example.com,-9659234267,Poor,8497.27,5000,89972.7
EMP1419,Frank,Miller,30.0,HR-Texas,Pending,10/12/2023,100594.49,frank.miller@example.com,-3441497825,Average,10059.449,5000,105594.49
EMP1420,Alice,Johnson,25.0,Cloud Tech-New York,Active,8/24/2022,75478.35,alice.johnson@example.com,-6128758574,Excellent,7547.835000000001,5000,80478.35
EMP1421,Charlie,Johnson,25.0,Sales-Nevada,Pending,9/4/2023,79355.85,charlie.johnson@example.com,-6766708060,Good,7935.585000000001,5000,84355.85
EMP1422,Grace,Miller,35.0,HR-Texas,Pending,2/2/2022,58358.07,grace.miller@example.com,-2943985297,Poor,5835.807000000001,5000,63358.07
EMP1423,Alice,Williams,30.0,Admin-Illinois,Active,4/1/2022,54824.85,alice.williams@example.com,-9406260786,Average,5482.485000000001,5000,59824.85
EMP1424,Eva,Garcia,35.0,HR-Texas,Pending,7/24/2022,50557.84,eva.garcia@example.com,-104159148,Average,5055.784,5000,55557.84
EMP1427,Alice,Brown,35.0,Cloud Tech-Nevada,Inactive,10/4/2024,101665.79,alice.brown@example.com,-3110291812,Poor,10166.579,5000,106665.79
EMP1429,Eva,Brown,25.0,Cloud Tech-New York,Pending,4/25/2022,99059.28,eva.brown@example.com,-6723849790,Poor,9905.928,5000,104059.28
EMP1431,Alice,Miller,40.0,DevOps-New York,Active,8/20/2021,68269.37,alice.miller@example.com,-7744197545,Excellent,6826.937,5000,73269.37
EMP1432,Grace,Jones,35.0,HR-Florida,Inactive,4/23/2021,55228.12,grace.jones@example.com,-6176620470,Poor,5522.812000000001,5000,60228.12
EMP1433,Bob,Garcia,30.0,Cloud Tech-New York,Inactive,8/12/2022,71982.33,bob.garcia@example.com,-9609409704,Average,7198.233,5000,76982.33
EMP1434,Frank,Brown,30.0,Finance-California,Inactive,6/26/2021,109673.75,frank.brown@example.com,-2774025882,Excellent,10967.375,5000,114673.75
EMP1436,Frank,Garcia,40.0,Sales-Texas,Pending,9/4/2021,68211.68,frank.garcia@example.com,-7244617678,Good,6821.168,5000,73211.68
EMP1437,Alice,Garcia,40.0,Finance-Illinois,Pending,1/31/2023,67489.68,alice.garcia@example.com,-2988425994,Poor,6748.968,5000,72489.68
EMP1438,Charlie,Davis,25.0,Cloud Tech-Texas,Active,9/24/2020,63869.31,charlie.davis@example.com,-9961002310,Good,6386.9310000000005,5000,68869.31
EMP1440,Heidi,Smith,30.0,Cloud Tech-California,Active,3/28/2020,115959.65,heidi.smith@example.com,-941017589,Excellent,11595.965,5000,120959.65
EMP1441,Grace,Garcia,40.0,Finance-Texas,Inactive,10/31/2023,79866.48,grace.garcia@example.com,-2517629832,Excellent,7986.648,5000,84866.48
EMP1442,Charlie,Smith,35.0,HR-Florida,Active,3/11/2020,92987.46,charlie.smith@example.com,-4774332682,Excellent,9298.746000000001,5000,97987.46
EMP1443,Eva,Garcia,40.0,Finance-Illinois,Inactive,5/4/2020,56140.51,eva.garcia@example.com,-1901302055,Average,5614.051,5000,61140.51
EMP1444,Grace,Brown,30.0,DevOps-Illinois,Active,7/15/2023,119586.11,grace.brown@example.com,-9815287338,Average,11958.611,5000,124586.11
EMP1445,Alice,Williams,40.0,DevOps-California,Inactive,1/20/2023,104700.46,alice.williams@example.com,-7855982175,Good,10470.046000000002,5000,109700.46
EMP1446,Frank,Williams,40.0,HR-New York,Active,10/15/2021,91798.14,frank.williams@example.com,-6191284116,Good,9179.814,5000,96798.14
EMP1447,Eva,Miller,25.0,Finance-Illinois,Inactive,4/19/2024,90879.22,eva.miller@example.com,-3098503445,Good,9087.922,5000,95879.22
EMP1448,Charlie,Davis,25.0,Admin-Nevada,Active,6/29/2021,87358.27,charlie.davis@example.com,-5124189388,Poor,8735.827000000001,5000,92358.27
EMP1449,Alice,Miller,30.0,Sales-Florida,Inactive,9/14/2024,119407.93,alice.miller@example.com,-8469081973,Excellent,11940.793,5000,124407.93
EMP1453,David,Miller,25.0,Sales-Florida,Active,11/10/2021,114252.73,david.miller@example.com,-1078356742,Good,11425.273000000001,5000,119252.73
EMP1454,Charlie,Jones,35.0,DevOps-New York,Inactive,5/1/2020,51533.9,charlie.jones@example.com,-3896086,Poor,5153.39,5000,56533.9
EMP1455,Charlie,Williams,25.0,Sales-California,Active,2/4/2022,99317.66,charlie.williams@example.com,-662668216,Poor,9931.766000000001,5000,104317.66
EMP1456,Bob,Miller,35.0,HR-California,Active,11/18/2020,101264.64,bob.miller@example.com,-1955356032,Average,10126.464,5000,106264.64
EMP1457,Heidi,Garcia,35.0,Admin-Nevada,Pending,11/21/2023,112272.02,heidi.garcia@example.com,-1903689002,Poor,11227.202000000001,5000,117272.02
EMP1458,Frank,Williams,30.0,DevOps-Illinois,Active,2/13/2022,71477.63,frank.williams@example.com,-102724054,Good,7147.763000000001,5000,76477.63
EMP1459,Charlie,Williams,30.0,DevOps-Texas,Pending,3/19/2023,77412.1,charlie.williams@example.com,-9342967110,Poor,7741.210000000001,5000,82412.1
EMP1460,Alice,Johnson,30.0,Sales-California,Pending,3/28/2021,94775.27,alice.johnson@example.com,-4837537457,Average,9477.527,5000,99775.27
EMP1461,Heidi,Jones,30.0,HR-Nevada,Active,5/2/2021,74276.71,heidi.jones@example.com,-4384588104,Excellent,7427.671000000001,5000,79276.71
EMP1462,Bob,Miller,35.0,Finance-Texas,Inactive,3/5/2021,67467.86,bob.miller@example.com,-6974132833,Good,6746.786,5000,72467.86
EMP1463,Eva,Smith,25.0,DevOps-Texas,Active,3/1/2022,80675.41,eva.smith@example.com,-8315203770,Excellent,8067.541000000001,5000,85675.41
EMP1464,Charlie,Brown,40.0,Finance-Florida,Inactive,1/23/2023,76274.33,charlie.brown@example.com,-704496409,Average,7627.433000000001,5000,81274.33
EMP1465,David,Davis,30.0,Finance-Texas,Active,8/26/2021,51405.46,david.davis@example.com,-4967066702,Average,5140.546,5000,56405.46
EMP1466,Bob,Garcia,25.0,HR-New York,Inactive,11/25/2020,101238.96,bob.garcia@example.com,-3626804084,Average,10123.896,5000,106238.96
EMP1467,Bob,Smith,35.0,Sales-Illinois,Inactive,12/13/2023,52169.52,bob.smith@example.com,-954930595,Excellent,5216.952,5000,57169.52
EMP1470,Bob,Jones,25.0,Finance-Illinois,Pending,9/16/2024,84366.38,bob.jones@example.com,-4138459608,Excellent,8436.638,5000,89366.38
EMP1471,Alice,Garcia,40.0,Cloud Tech-California,Pending,7/4/2023,92015.09,alice.garcia@example.com,-4544901494,Average,9201.509,5000,97015.09
EMP1472,Alice,Williams,30.0,Admin-Nevada,Inactive,6/16/2020,83149.95,alice.williams@example.com,-4277070704,Average,8314.995,5000,88149.95
EMP1473,Grace,Brown,40.0,Finance-Nevada,Inactive,7/5/2020,94930.65,grace.brown@example.com,-7836091497,Good,9493.065,5000,99930.65
EMP1474,Frank,Williams,40.0,HR-New York,Inactive,4/1/2020,68430.72,frank.williams@example.com,-5172444722,Good,6843.072,5000,73430.72
EMP1475,David,Garcia,35.0,Sales-Texas,Active,3/20/2024,98752.97,david.garcia@example.com,-2290310286,Excellent,9875.297,5000,103752.97
EMP1478,Grace,Smith,25.0,Sales-Illinois,Pending,6/27/2024,90003.98,grace.smith@example.com,-8133595615,Average,9000.398,5000,95003.98
EMP1479,Charlie,Brown,25.0,Finance-New York,Active,3/9/2021,106592.25,charlie.brown@example.com,-4205955656,Average,10659.225,5000,111592.25
EMP1480,Grace,Brown,25.0,DevOps-Florida,Active,8/11/2024,93905.83,grace.brown@example.com,-4902504289,Average,9390.583,5000,98905.83
EMP1481,Eva,Miller,35.0,DevOps-Texas,Active,3/5/2022,88945.49,eva.miller@example.com,-1935889535,Good,8894.549,5000,93945.49
EMP1483,Bob,Miller,40.0,Admin-New York,Pending,4/19/2023,90787.4,bob.miller@example.com,-8681809787,Average,9078.74,5000,95787.4
EMP1484,Bob,Jones,25.0,Sales-Texas,Inactive,11/11/2024,87494.34,bob.jones@example.com,-7543943534,Average,8749.434,5000,92494.34
EMP1485,Grace,Miller,35.0,Finance-Nevada,Inactive,3/17/2023,92627.35,grace.miller@example.com,-3751376514,Average,9262.735,5000,97627.35
EMP1486,Eva,Williams,40.0,Admin-Illinois,Pending,10/26/2023,98556.29,eva.williams@example.com,-8815793762,Poor,9855.629,5000,103556.29
EMP1487,Frank,Brown,30.0,Cloud Tech-Nevada,Inactive,7/4/2021,112792.2,frank.brown@example.com,-9283692943,Good,11279.220000000001,5000,117792.2
EMP1488,Eva,Smith,35.0,HR-Florida,Pending,11/3/2023,56875.22,eva.smith@example.com,-5511668296,Poor,5687.522000000001,5000,61875.22
EMP1489,Charlie,Jones,35.0,DevOps-Florida,Inactive,7/5/2021,101015.96,charlie.jones@example.com,-3270216486,Poor,10101.596000000001,5000,106015.96
EMP1490,Bob,Garcia,30.0,Finance-New York,Inactive,2/26/2024,83912.22,bob.garcia@example.com,-1206021287,Average,8391.222,5000,88912.22
EMP1491,Frank,Jones,25.0,Sales-New York,Active,9/29/2021,99669.86,frank.jones@example.com,-6652683414,Average,9966.986,5000,104669.86
EMP1492,Alice,Smith,30.0,Admin-New York,Active,5/25/2021,52314.97,alice.smith@example.com,-5999101575,Excellent,5231.497,5000,57314.97
EMP1493,Frank,Miller,30.0,HR-California,Inactive,10/31/2022,77785.96,frank.miller@example.com,-7647229811,Excellent,7778.596000000001,5000,82785.96
EMP1494,Alice,Jones,30.0,HR-Florida,Pending,7/2/2022,62430.86,alice.jones@example.com,-995765727,Poor,6243.086,5000,67430.86
EMP1495,Frank,Davis,35.0,Admin-California,Pending,8/28/2024,98219.54,frank.davis@example.com,-9413475097,Good,9821.954,5000,103219.54
EMP1496,Grace,Williams,25.0,Admin-Illinois,Active,10/21/2024,65494.58,grace.williams@example.com,-8986456521,Average,6549.4580000000005,5000,70494.58
EMP1497,David,Brown,35.0,DevOps-Florida,Pending,2/11/2020,110524.1,david.brown@example.com,-368499514,Average,11052.410000000002,5000,115524.1
EMP1498,Alice,Smith,40.0,Admin-Nevada,Active,5/16/2023,106060.54,alice.smith@example.com,-4214477323,Poor,10606.054,5000,111060.54
EMP1499,Eva,Brown,35.0,Finance-Florida,Inactive,7/29/2022,67639.91,eva.brown@example.com,-4913421387,Excellent,6763.991000000001,5000,72639.91
EMP1501,Eva,Jones,35.0,DevOps-Texas,Inactive,5/10/2020,73539.86,eva.jones@example.com,-5349678273,Excellent,7353.986000000001,5000,78539.86
EMP1502,Frank,Jones,35.0,HR-Nevada,Pending,8/27/2023,70915.38,frank.jones@example.com,-1176741240,Excellent,7091.5380000000005,5000,75915.38
EMP1503,David,Garcia,25.0,Sales-Florida,Pending,10/16/2021,97652.9,david.garcia@example.com,-5131528546,Excellent,9765.289999999999,5000,102652.9
EMP1504,Heidi,Davis,35.0,HR-Florida,Inactive,3/6/2022,101571.25,heidi.davis@example.com,-8150618537,Excellent,10157.125,5000,106571.25
EMP1505,David,Smith,35.0,DevOps-Nevada,Active,11/6/2023,87424.46,david.smith@example.com,-32963346,Average,8742.446000000002,5000,92424.46
EMP1507,Heidi,Williams,30.0,DevOps-California,Pending,7/13/2024,89132.22,heidi.williams@example.com,-617893205,Excellent,8913.222,5000,94132.22
EMP1508,Frank,Garcia,25.0,Admin-California,Active,3/4/2024,111000.26,frank.garcia@example.com,-4969357823,Good,11100.026,5000,116000.26
EMP1509,Frank,Johnson,35.0,HR-Illinois,Inactive,8/7/2022,109584.97,frank.johnson@example.com,-3477695873,Poor,10958.497000000001,5000,114584.97
EMP1510,Bob,Smith,40.0,Admin-Illinois,Active,11/11/2024,97648.84,bob.smith@example.com,-1314675360,Good,9764.884,5000,102648.84
EMP1511,Grace,Johnson,25.0,Admin-New York,Active,12/2/2021,78643.43,grace.johnson@example.com,-2751562778,Good,7864.343,5000,83643.43
EMP1512,Heidi,Davis,30.0,HR-Nevada,Active,5/14/2024,55656.8,heidi.davis@example.com,-6304483607,Good,5565.68,5000,60656.8
EMP1513,Charlie,Miller,35.0,DevOps-Texas,Active,7/14/2022,69146.95,charlie.miller@example.com,-5456676639,Excellent,6914.695,5000,74146.95
EMP1515,Grace,Williams,40.0,Finance-Florida,Active,3/18/2020,87364.78,grace.williams@example.com,-2831995297,Good,8736.478000000001,5000,92364.78
EMP1516,Alice,Garcia,35.0,Sales-New York,Active,10/17/2023,50288.67,alice.garcia@example.com,-61558107,Excellent,5028.867,5000,55288.67
EMP1517,David,Miller,35.0,HR-New York,Active,2/24/2022,85233.55,david.miller@example.com,-3583286341,Good,8523.355000000001,5000,90233.55
EMP1518,Bob,Garcia,25.0,HR-California,Inactive,1/30/2024,86420.19,bob.garcia@example.com,-5563830007,Good,8642.019,5000,91420.19
EMP1519,Grace,Johnson,30.0,HR-Florida,Inactive,3/16/2024,63189.82,grace.johnson@example.com,-1867024402,Excellent,6318.982,5000,68189.82
EMP1520,Grace,Garcia,25.0,Admin-New York,Pending,9/25/2020,64783.32,grace.garcia@example.com,-3041662410,Average,6478.332,5000,69783.32
EMP1521,Charlie,Davis,25.0,HR-Nevada,Pending,6/10/2024,52615.44,charlie.davis@example.com,-1860089218,Average,5261.544000000001,5000,57615.44
EMP1523,Alice,Davis,25.0,DevOps-Texas,Inactive,6/28/2022,76617.76,alice.davis@example.com,-7314976460,Excellent,7661.776,5000,81617.76
EMP1524,Heidi,Johnson,30.0,Admin-Nevada,Pending,7/14/2023,50651.32,heidi.johnson@example.com,-3684748835,Poor,5065.1320000000005,5000,55651.32
EMP1528,Charlie,Johnson,25.0,Sales-Florida,Active,11/10/2023,115318.7,charlie.johnson@example.com,-6978930745,Excellent,11531.87,5000,120318.7
EMP1529,Alice,Johnson,25.0,DevOps-Texas,Active,9/6/2024,90190.69,alice.johnson@example.com,-4520599603,Poor,9019.069000000001,5000,95190.69
EMP1531,Heidi,Garcia,35.0,HR-Florida,Active,7/23/2020,106922.49,heidi.garcia@example.com,-8811616201,Excellent,10692.249000000002,5000,111922.49
EMP1532,Eva,Smith,35.0,DevOps-California,Inactive,2/21/2024,58113.07,eva.smith@example.com,-8123710671,Average,5811.307000000001,5000,63113.07
EMP1533,Alice,Smith,25.0,Admin-Nevada,Pending,12/15/2020,73006.26,alice.smith@example.com,-8728660415,Poor,7300.626,5000,78006.26
EMP1534,Eva,Williams,25.0,HR-California,Active,8/21/2020,78054.43,eva.williams@example.com,-4485959223,Poor,7805.442999999999,5000,83054.43
EMP1535,Eva,Miller,40.0,DevOps-Florida,Inactive,8/21/2023,112028.67,eva.miller@example.com,-8395894772,Excellent,11202.867,5000,117028.67
EMP1536,Charlie,Garcia,25.0,Admin-Texas,Inactive,4/24/2023,83787.24,charlie.garcia@example.com,-5228705621,Good,8378.724,5000,88787.24
EMP1537,Heidi,Davis,30.0,Sales-Florida,Inactive,6/6/2023,52017.14,heidi.davis@example.com,-7104331874,Average,5201.714,5000,57017.14
EMP1538,Charlie,Jones,40.0,Finance-Texas,Inactive,6/21/2022,53218.06,charlie.jones@example.com,-1097921582,Average,5321.8060000000005,5000,58218.06
EMP1539,Frank,Johnson,25.0,DevOps-Nevada,Pending,4/20/2024,102053.67,frank.johnson@example.com,-5034469458,Average,10205.367,5000,107053.67
EMP1540,David,Davis,35.0,Sales-Illinois,Pending,12/5/2023,93276.73,david.davis@example.com,-6488319212,Average,9327.673,5000,98276.73
EMP1541,David,Johnson,40.0,HR-Nevada,Pending,8/6/2023,76941.36,david.johnson@example.com,-4249128964,Poor,7694.136,5000,81941.36
EMP1542,Alice,Williams,25.0,DevOps-New York,Pending,10/4/2024,82850.23,alice.williams@example.com,-9994973202,Poor,8285.023,5000,87850.23
EMP1543,Charlie,Johnson,25.0,Finance-California,Active,11/8/2021,117910.15,charlie.johnson@example.com,-3192227050,Good,11791.015,5000,122910.15
EMP1545,Heidi,Garcia,25.0,Finance-Florida,Inactive,8/31/2020,118646.95,heidi.garcia@example.com,-3866675484,Average,11864.695,5000,123646.95
EMP1546,Alice,Jones,25.0,Finance-Florida,Active,2/15/2023,88436.92,alice.jones@example.com,-8193242686,Excellent,8843.692000000001,5000,93436.92
EMP1548,Alice,Johnson,30.0,Finance-California,Pending,4/20/2024,93383.06,alice.johnson@example.com,-5639836519,Average,9338.306,5000,98383.06
EMP1549,Frank,Davis,40.0,Cloud Tech-Texas,Pending,3/30/2021,50153.79,frank.davis@example.com,-3758309450,Good,5015.379000000001,5000,55153.79
EMP1551,Charlie,Brown,40.0,Cloud Tech-California,Pending,2/5/2021,63128.04,charlie.brown@example.com,-440907976,Poor,6312.804,5000,68128.04000000001
EMP1552,Grace,Jones,30.0,Finance-New York,Pending,11/23/2021,57543.6,grace.jones@example.com,-2781050921,Good,5754.360000000001,5000,62543.6
EMP1553,Bob,Brown,40.0,Finance-Nevada,Pending,10/29/2022,59424.52,bob.brown@example.com,-2161070517,Good,5942.452,5000,64424.52
EMP1555,Charlie,Garcia,30.0,Cloud Tech-Florida,Pending,5/14/2023,92431.25,charlie.garcia@example.com,-660138240,Average,9243.125,5000,97431.25
EMP1556,Grace,Garcia,40.0,Sales-Nevada,Active,7/14/2021,77850.9,grace.garcia@example.com,-2704938619,Average,7785.09,5000,82850.9
EMP1557,Eva,Miller,40.0,Admin-New York,Inactive,5/18/2023,99001.0,eva.miller@example.com,-4485157918,Good,9900.1,5000,104001.0
EMP1559,Eva,Miller,35.0,DevOps-New York,Pending,8/24/2023,118262.56,eva.miller@example.com,-2035713431,Average,11826.256000000001,5000,123262.56
EMP1560,Frank,Brown,25.0,HR-Illinois,Inactive,4/8/2023,89944.67,frank.brown@example.com,-4064242955,Poor,8994.467,5000,94944.67
EMP1562,Alice,Davis,25.0,Admin-California,Active,8/9/2021,97837.32,alice.davis@example.com,-7595587208,Excellent,9783.732000000002,5000,102837.32
EMP1563,Alice,Davis,35.0,Admin-Illinois,Active,1/4/2022,106981.84,alice.davis@example.com,-6289365434,Poor,10698.184000000001,5000,111981.84
EMP1565,Alice,Johnson,40.0,Finance-Florida,Pending,10/2/2021,117608.32,alice.johnson@example.com,-182727954,Good,11760.832000000002,5000,122608.32
EMP1566,Eva,Johnson,30.0,Sales-Florida,Active,7/21/2023,99324.03,eva.johnson@example.com,-9690515025,Excellent,9932.403,5000,104324.03
EMP1567,David,Garcia,30.0,HR-Florida,Active,10/30/2023,55212.83,david.garcia@example.com,-7551254277,Excellent,5521.283,5000,60212.83
EMP1568,Bob,Davis,40.0,Cloud Tech-Florida,Inactive,2/13/2023,68496.77,bob.davis@example.com,-2079799666,Average,6849.677000000001,5000,73496.77
EMP1569,Eva,Davis,25.0,HR-Florida,Pending,11/13/2020,52795.84,eva.davis@example.com,-3459576402,Poor,5279.584,5000,57795.84
EMP1572,Grace,Smith,25.0,HR-New York,Active,9/20/2023,73231.85,grace.smith@example.com,-142576269,Poor,7323.185000000001,5000,78231.85
EMP1574,Bob,Davis,35.0,Finance-New York,Pending,6/10/2023,114302.51,bob.davis@example.com,-1328507250,Poor,11430.251,5000,119302.51
EMP1575,Alice,Miller,35.0,Finance-Texas,Inactive,6/9/2021,87816.61,alice.miller@example.com,-7863767315,Poor,8781.661,5000,92816.61
EMP1578,Bob,Johnson,30.0,DevOps-Nevada,Active,11/6/2024,97978.36,bob.johnson@example.com,-5580996131,Poor,9797.836000000001,5000,102978.36
EMP1580,Charlie,Miller,25.0,Finance-Nevada,Inactive,3/18/2020,56126.46,charlie.miller@example.com,-6244670461,Poor,5612.646000000001,5000,61126.46
EMP1585,Heidi,Davis,30.0,Sales-New York,Active,3/9/2024,77369.48,heidi.davis@example.com,-2059438975,Average,7736.948,5000,82369.48
EMP1586,Eva,Miller,30.0,HR-Nevada,Pending,8/19/2023,76119.14,eva.miller@example.com,-740177508,Good,7611.914000000001,5000,81119.14
EMP1587,Charlie,Williams,25.0,Cloud Tech-Texas,Pending,5/6/2023,77585.72,charlie.williams@example.com,-5465408423,Excellent,7758.572,5000,82585.72
EMP1588,Bob,Brown,35.0,Admin-Nevada,Pending,1/26/2024,74069.62,bob.brown@example.com,-5607540914,Good,7406.9619999999995,5000,79069.62
EMP1589,Charlie,Jones,30.0,Admin-New York,Pending,9/5/2024,67691.92,charlie.jones@example.com,-863218121,Average,6769.192,5000,72691.92
EMP1591,Bob,Garcia,30.0,DevOps-Illinois,Inactive,11/8/2021,74999.69,bob.garcia@example.com,-155029167,Good,7499.969000000001,5000,79999.69
EMP1592,David,Jones,25.0,HR-Illinois,Active,1/31/2021,72245.02,david.jones@example.com,-1546602415,Poor,7224.502,5000,77245.02
EMP1594,Charlie,Brown,25.0,HR-New York,Active,12/29/2023,101787.14,charlie.brown@example.com,-5973642479,Good,10178.714,5000,106787.14
EMP1595,Frank,Brown,30.0,DevOps-Nevada,Inactive,12/2/2024,83596.78,frank.brown@example.com,-9624406305,Average,8359.678,5000,88596.78
EMP1596,Eva,Jones,40.0,Sales-Texas,Active,8/15/2023,92463.94,eva.jones@example.com,-2447951329,Average,9246.394,5000,97463.94
EMP1600,Grace,Jones,30.0,Sales-Nevada,Inactive,10/1/2020,82529.08,grace.jones@example.com,-917851384,Excellent,8252.908000000001,5000,87529.08
EMP1601,Grace,Garcia,35.0,Sales-Texas,Pending,5/4/2021,109358.73,grace.garcia@example.com,-4457702991,Good,10935.873,5000,114358.73
EMP1603,Charlie,Miller,40.0,HR-Texas,Active,4/8/2024,84134.95,charlie.miller@example.com,-6826911632,Poor,8413.495,5000,89134.95
EMP1604,Frank,Davis,30.0,Cloud Tech-Nevada,Active,11/26/2022,113540.83,frank.davis@example.com,-1942268652,Good,11354.083,5000,118540.83
EMP1605,Heidi,Williams,40.0,Cloud Tech-Texas,Pending,10/25/2021,57225.75,heidi.williams@example.com,-6945515887,Average,5722.575000000001,5000,62225.75
EMP1606,Eva,Davis,35.0,Sales-Illinois,Pending,12/22/2020,76366.17,eva.davis@example.com,-6367747225,Excellent,7636.617,5000,81366.17
EMP1608,Frank,Brown,40.0,Finance-Illinois,Active,10/24/2022,111742.4,frank.brown@example.com,-6630932997,Average,11174.24,5000,116742.4
EMP1609,David,Garcia,25.0,Sales-Nevada,Inactive,3/9/2021,60516.83,david.garcia@example.com,-1996059328,Good,6051.683000000001,5000,65516.83
EMP1610,Bob,Jones,30.0,Finance-California,Pending,8/20/2020,83706.17,bob.jones@example.com,-7150968831,Average,8370.617,5000,88706.17
EMP1612,Charlie,Brown,30.0,DevOps-Illinois,Active,12/29/2024,90058.85,charlie.brown@example.com,-397739731,Poor,9005.885,5000,95058.85
EMP1613,Eva,Johnson,30.0,Sales-Florida,Pending,2/28/2023,94633.59,eva.johnson@example.com,-7819523709,Average,9463.359,5000,99633.59
EMP1614,Eva,Miller,25.0,Admin-Florida,Pending,8/23/2022,110711.17,eva.miller@example.com,-687616480,Excellent,11071.117,5000,115711.17
EMP1616,Frank,Smith,40.0,Sales-Illinois,Active,4/15/2021,76474.79,frank.smith@example.com,-6876112490,Excellent,7647.478999999999,5000,81474.79
EMP1617,Alice,Garcia,30.0,Sales-Illinois,Pending,5/9/2022,107855.99,alice.garcia@example.com,-2565237340,Excellent,10785.599000000002,5000,112855.99
EMP1618,Charlie,Davis,40.0,Sales-Illinois,Active,12/2/2024,104870.78,charlie.davis@example.com,-5177345474,Excellent,10487.078000000001,5000,109870.78
EMP1621,Heidi,Johnson,40.0,HR-Illinois,Pending,4/8/2024,108603.34,heidi.johnson@example.com,-7742229463,Excellent,10860.334,5000,113603.34
EMP1622,Grace,Davis,30.0,HR-Florida,Active,10/25/2024,55867.23,grace.davis@example.com,-3039429044,Excellent,5586.723000000001,5000,60867.23
EMP1623,Grace,Johnson,35.0,Admin-Texas,Pending,3/2/2024,105259.57,grace.johnson@example.com,-8867925297,Good,10525.957000000002,5000,110259.57
EMP1625,Frank,Johnson,25.0,Admin-Florida,Pending,4/13/2023,67754.29,frank.johnson@example.com,-6015343323,Average,6775.429,5000,72754.29
EMP1627,Heidi,Miller,30.0,HR-Illinois,Pending,9/17/2022,67764.44,heidi.miller@example.com,-3506158147,Poor,6776.444,5000,72764.44
EMP1628,Frank,Davis,40.0,DevOps-New York,Pending,8/31/2020,102346.99,frank.davis@example.com,-8810798333,Excellent,10234.699,5000,107346.99
EMP1629,Charlie,Davis,25.0,Admin-Illinois,Inactive,5/28/2024,73690.65,charlie.davis@example.com,-2337209483,Good,7369.065,5000,78690.65
EMP1630,Alice,Smith,30.0,Finance-Nevada,Active,7/5/2024,56376.2,alice.smith@example.com,-1312840332,Average,5637.62,5000,61376.2
EMP1631,Grace,Brown,25.0,Cloud Tech-California,Active,1/29/2022,55602.78,grace.brown@example.com,-9977180512,Good,5560.278,5000,60602.78
EMP1632,Grace,Jones,40.0,Sales-Nevada,Pending,8/9/2021,99812.41,grace.jones@example.com,-7171731892,Good,9981.241000000002,5000,104812.41
EMP1633,Charlie,Smith,40.0,Finance-Texas,Active,10/7/2024,95981.9,charlie.smith@example.com,-9749096172,Average,9598.19,5000,100981.9
EMP1634,Eva,Johnson,30.0,Cloud Tech-Illinois,Pending,11/22/2022,98891.48,eva.johnson@example.com,-9970469471,Good,9889.148000000001,5000,103891.48
EMP1635,Alice,Johnson,35.0,Admin-Nevada,Active,11/18/2020,56079.0,alice.johnson@example.com,-5878444834,Average,5607.900000000001,5000,61079.0
EMP1637,Bob,Davis,25.0,Sales-California,Pending,8/26/2024,89137.97,bob.davis@example.com,-8772216416,Average,8913.797,5000,94137.97
EMP1638,Frank,Johnson,35.0,Admin-Illinois,Active,7/20/2022,115079.97,frank.johnson@example.com,-5823133483,Excellent,11507.997000000001,5000,120079.97
EMP1639,Eva,Garcia,30.0,Finance-Illinois,Active,2/18/2023,55067.02,eva.garcia@example.com,-5871493924,Poor,5506.702,5000,60067.02
EMP1641,Heidi,Miller,30.0,HR-Florida,Pending,8/1/2022,112756.67,heidi.miller@example.com,-9643474523,Average,11275.667000000001,5000,117756.67
EMP1642,Heidi,Garcia,25.0,HR-Texas,Inactive,7/21/2023,105205.92,heidi.garcia@example.com,-5557469659,Poor,10520.592,5000,110205.92
EMP1643,David,Smith,35.0,Finance-California,Pending,1/2/2023,50680.62,david.smith@example.com,-6065274032,Average,5068.062000000001,5000,55680.62
EMP1644,David,Garcia,35.0,Cloud Tech-Florida,Pending,3/13/2024,107475.23,david.garcia@example.com,-4450566587,Average,10747.523000000001,5000,112475.23
EMP1645,Charlie,Jones,40.0,HR-California,Active,3/20/2023,68835.3,charlie.jones@example.com,-3398741131,Good,6883.530000000001,5000,73835.3
EMP1646,David,Jones,40.0,DevOps-New York,Active,2/15/2024,66943.96,david.jones@example.com,-5797067348,Poor,6694.396000000001,5000,71943.96
EMP1647,David,Smith,30.0,Admin-Illinois,Inactive,11/15/2020,104525.69,david.smith@example.com,-9601054856,Excellent,10452.569000000001,5000,109525.69
EMP1648,Bob,Garcia,40.0,Sales-Texas,Pending,3/27/2020,109360.74,bob.garcia@example.com,-4172156228,Average,10936.074,5000,114360.74
EMP1649,Frank,Jones,40.0,Sales-California,Inactive,1/9/2021,118907.63,frank.jones@example.com,-4938173597,Poor,11890.763,5000,123907.63
EMP1650,Eva,Davis,40.0,Admin-Illinois,Active,4/20/2020,86801.48,eva.davis@example.com,-4884021556,Good,8680.148,5000,91801.48
EMP1652,Heidi,Davis,35.0,DevOps-Texas,Active,10/12/2023,64752.67,heidi.davis@example.com,-4902166669,Poor,6475.267,5000,69752.67
EMP1653,Frank,Jones,35.0,Sales-California,Active,1/28/2023,68399.43,frank.jones@example.com,-8085096084,Excellent,6839.942999999999,5000,73399.43
EMP1654,Frank,Miller,35.0,Admin-Florida,Inactive,3/7/2021,79336.51,frank.miller@example.com,-8749511917,Excellent,7933.651,5000,84336.51
EMP1655,Frank,Jones,40.0,HR-Florida,Active,3/16/2023,59179.74,frank.jones@example.com,-1828197930,Excellent,5917.974,5000,64179.74
EMP1656,David,Davis,25.0,DevOps-California,Active,2/11/2023,80255.31,david.davis@example.com,-6477251294,Average,8025.531,5000,85255.31
EMP1657,Charlie,Williams,30.0,Finance-Texas,Active,5/13/2022,84971.85,charlie.williams@example.com,-7860694095,Average,8497.185000000001,5000,89971.85
EMP1658,Frank,Brown,40.0,HR-California,Pending,10/24/2024,89748.42,frank.brown@example.com,-35624394,Good,8974.842,5000,94748.42
EMP1659,Charlie,Johnson,25.0,Admin-California,Inactive,9/14/2024,94090.35,charlie.johnson@example.com,-8739592322,Good,9409.035000000002,5000,99090.35
EMP1660,Frank,Garcia,35.0,HR-California,Pending,2/15/2023,115229.12,frank.garcia@example.com,-4210890284,Poor,11522.912,5000,120229.12
EMP1661,Alice,Williams,40.0,Cloud Tech-California,Pending,5/25/2023,63927.07,alice.williams@example.com,-1553334263,Good,6392.707,5000,68927.07
EMP1662,Charlie,Jones,35.0,HR-California,Pending,11/11/2022,84124.56,charlie.jones@example.com,-3350271606,Excellent,8412.456,5000,89124.56
EMP1663,Bob,Miller,40.0,Sales-California,Inactive,7/17/2023,116961.61,bob.miller@example.com,-3607763368,Excellent,11696.161,5000,121961.61
EMP1664,Frank,Smith,40.0,DevOps-Illinois,Pending,4/8/2022,109423.05,frank.smith@example.com,-1128981230,Average,10942.305,5000,114423.05
EMP1665,Charlie,Jones,35.0,Admin-California,Inactive,8/30/2023,70394.94,charlie.jones@example.com,-7955633184,Excellent,7039.494000000001,5000,75394.94
EMP1666,Grace,Miller,35.0,Finance-California,Pending,4/17/2023,86465.5,grace.miller@example.com,-7481700665,Poor,8646.550000000001,5000,91465.5
EMP1667,Charlie,Brown,30.0,Cloud Tech-New York,Pending,4/25/2021,96341.58,charlie.brown@example.com,-1554164315,Excellent,9634.158000000001,5000,101341.58
EMP1668,Bob,Jones,30.0,Admin-Florida,Active,7/14/2020,54465.47,bob.jones@example.com,-7045023289,Excellent,5446.5470000000005,5000,59465.47
EMP1669,Alice,Davis,25.0,Finance-Illinois,Active,7/31/2020,68371.66,alice.davis@example.com,-2822700933,Poor,6837.166000000001,5000,73371.66
EMP1670,Grace,Smith,35.0,Admin-New York,Pending,8/4/2021,81021.23,grace.smith@example.com,-5962622821,Good,8102.123,5000,86021.23
EMP1671,Charlie,Miller,25.0,Cloud Tech-Nevada,Inactive,10/28/2024,114069.07,charlie.miller@example.com,-5120734653,Good,11406.907000000001,5000,119069.07
EMP1674,Eva,Brown,35.0,Finance-Illinois,Active,7/6/2024,56268.78,eva.brown@example.com,-3161177686,Excellent,5626.878000000001,5000,61268.78
EMP1675,Grace,Jones,35.0,Admin-California,Active,1/1/2020,86632.14,grace.jones@example.com,-2904774257,Poor,8663.214,5000,91632.14
EMP1676,Charlie,Brown,35.0,HR-Florida,Pending,1/18/2020,98143.9,charlie.brown@example.com,-5917793237,Excellent,9814.39,5000,103143.9
EMP1678,Frank,Johnson,30.0,Finance-Illinois,Inactive,3/19/2022,67492.73,frank.johnson@example.com,-3424579888,Excellent,6749.273,5000,72492.73
EMP1679,Grace,Johnson,40.0,Admin-California,Active,5/14/2022,93772.61,grace.johnson@example.com,-4256529059,Poor,9377.261,5000,98772.61
EMP1680,Eva,Garcia,35.0,DevOps-Nevada,Pending,7/14/2024,68817.54,eva.garcia@example.com,-3202032649,Excellent,6881.754,5000,73817.54
EMP1681,Bob,Jones,30.0,Admin-California,Active,7/28/2023,81874.01,bob.jones@example.com,-9775396736,Good,8187.401,5000,86874.01
EMP1682,Heidi,Davis,30.0,HR-Texas,Active,4/11/2020,117880.14,heidi.davis@example.com,-9487148551,Average,11788.014000000001,5000,122880.14
EMP1683,Bob,Brown,35.0,HR-New York,Pending,6/16/2022,100897.49,bob.brown@example.com,-4578715840,Average,10089.749000000002,5000,105897.49
EMP1684,Charlie,Smith,25.0,Finance-New York,Inactive,5/10/2022,71810.37,charlie.smith@example.com,-5608213710,Average,7181.037,5000,76810.37
EMP1685,Frank,Miller,40.0,DevOps-Texas,Inactive,6/13/2020,109048.24,frank.miller@example.com,-8425476817,Poor,10904.824,5000,114048.24
EMP1686,Alice,Miller,35.0,Finance-Texas,Pending,8/20/2022,62712.26,alice.miller@example.com,-2683230357,Average,6271.226000000001,5000,67712.26000000001
EMP1687,Eva,Jones,40.0,Cloud Tech-Texas,Pending,5/24/2021,76935.85,eva.jones@example.com,-9298808582,Good,7693.585000000001,5000,81935.85
EMP1688,David,Davis,25.0,Admin-Florida,Pending,4/27/2024,56577.22,david.davis@example.com,-8252129327,Poor,5657.722000000001,5000,61577.22
EMP1689,David,Johnson,40.0,Finance-Nevada,Inactive,10/23/2021,61102.8,david.johnson@example.com,-9634064685,Good,6110.280000000001,5000,66102.8
EMP1690,Bob,Johnson,35.0,Finance-Nevada,Inactive,2/10/2021,75229.87,bob.johnson@example.com,-7752401483,Excellent,7522.987,5000,80229.87
EMP1691,David,Miller,25.0,Admin-Nevada,Inactive,10/26/2021,51054.74,david.miller@example.com,-3991062271,Excellent,5105.474,5000,56054.74
EMP1692,Bob,Jones,40.0,Admin-Texas,Active,4/5/2023,104843.27,bob.jones@example.com,-3626693350,Excellent,10484.327000000001,5000,109843.27
EMP1693,Charlie,Brown,35.0,Cloud Tech-New York,Active,10/20/2022,56398.11,charlie.brown@example.com,-3426192371,Excellent,5639.811000000001,5000,61398.11
EMP1694,Alice,Johnson,25.0,HR-Nevada,Active,12/7/2023,87544.73,alice.johnson@example.com,-4501848196,Good,8754.473,5000,92544.73
EMP1695,Heidi,Brown,30.0,HR-Illinois,Pending,3/29/2024,74312.24,heidi.brown@example.com,-3741897214,Poor,7431.224000000001,5000,79312.24
EMP1696,David,Davis,25.0,DevOps-Florida,Inactive,1/23/2024,59431.25,david.davis@example.com,-4064176926,Poor,5943.125,5000,64431.25
EMP1697,Heidi,Johnson,40.0,Sales-California,Pending,11/28/2023,84306.44,heidi.johnson@example.com,-4381199536,Average,8430.644,5000,89306.44
EMP1698,Frank,Johnson,35.0,DevOps-Florida,Inactive,11/11/2024,108194.47,frank.johnson@example.com,-6601444855,Good,10819.447,5000,113194.47
EMP1699,Charlie,Williams,25.0,Sales-New York,Inactive,8/28/2021,107359.3,charlie.williams@example.com,-4510173972,Excellent,10735.93,5000,112359.3
EMP1702,Grace,Smith,30.0,Sales-Nevada,Inactive,4/17/2024,88602.75,grace.smith@example.com,-3599660576,Average,8860.275,5000,93602.75
EMP1703,Frank,Garcia,40.0,DevOps-California,Active,7/16/2020,86624.04,frank.garcia@example.com,-9806603919,Good,8662.404,5000,91624.04
EMP1704,Charlie,Jones,30.0,Cloud Tech-New York,Active,9/21/2022,63413.16,charlie.jones@example.com,-5146074554,Good,6341.316000000001,5000,68413.16
EMP1705,Grace,Jones,40.0,Sales-Illinois,Pending,4/23/2023,67915.7,grace.jones@example.com,-3470574237,Good,6791.57,5000,72915.7
EMP1706,Bob,Brown,25.0,Admin-Nevada,Inactive,12/27/2024,108245.44,bob.brown@example.com,-8565271558,Poor,10824.544000000002,5000,113245.44
EMP1707,Alice,Garcia,35.0,Sales-Nevada,Inactive,8/10/2024,75834.81,alice.garcia@example.com,-8354116596,Excellent,7583.481,5000,80834.81
EMP1709,Bob,Garcia,25.0,DevOps-New York,Pending,2/28/2022,63262.23,bob.garcia@example.com,-2501394883,Good,6326.223000000001,5000,68262.23000000001
EMP1711,Frank,Johnson,40.0,DevOps-Nevada,Inactive,12/13/2024,57287.17,frank.johnson@example.com,-6425856260,Average,5728.717000000001,5000,62287.17
EMP1713,Frank,Brown,35.0,Sales-California,Inactive,4/24/2022,103492.91,frank.brown@example.com,-2407333372,Poor,10349.291000000001,5000,108492.91
EMP1715,Eva,Garcia,35.0,Finance-Florida,Inactive,1/1/2020,100841.93,eva.garcia@example.com,-8936289695,Poor,10084.193,5000,105841.93
EMP1717,Frank,Brown,25.0,DevOps-California,Pending,11/13/2022,88942.62,frank.brown@example.com,-1253892186,Average,8894.262,5000,93942.62
EMP1718,Charlie,Garcia,25.0,Cloud Tech-Florida,Inactive,11/15/2020,59688.57,charlie.garcia@example.com,-8519358373,Average,5968.857,5000,64688.57
EMP1719,David,Brown,30.0,HR-California,Active,3/14/2023,77985.88,david.brown@example.com,-9079779611,Average,7798.588000000001,5000,82985.88
EMP1720,Bob,Johnson,35.0,Finance-New York,Inactive,8/18/2024,112931.69,bob.johnson@example.com,-878057214,Poor,11293.169000000002,5000,117931.69
EMP1722,Alice,Brown,35.0,HR-Florida,Inactive,11/12/2024,58437.84,alice.brown@example.com,-3748453985,Good,5843.784,5000,63437.84
EMP1723,Alice,Smith,40.0,Cloud Tech-California,Pending,3/25/2020,72352.16,alice.smith@example.com,-2895090590,Average,7235.216,5000,77352.16
EMP1726,Charlie,Williams,30.0,HR-Texas,Inactive,3/16/2023,102172.05,charlie.williams@example.com,-6672521451,Poor,10217.205000000002,5000,107172.05
EMP1727,Eva,Williams,25.0,Finance-Illinois,Inactive,5/3/2024,98850.94,eva.williams@example.com,-6471246334,Excellent,9885.094000000001,5000,103850.94
EMP1729,David,Brown,30.0,Cloud Tech-California,Inactive,10/24/2021,97931.66,david.brown@example.com,-512080055,Average,9793.166000000001,5000,102931.66
EMP1730,Bob,Williams,40.0,Finance-California,Inactive,1/25/2021,72451.69,bob.williams@example.com,-4099512396,Poor,7245.169000000001,5000,77451.69
EMP1731,Alice,Smith,35.0,Admin-California,Pending,8/9/2024,119311.14,alice.smith@example.com,-2835129591,Poor,11931.114000000001,5000,124311.14
EMP1732,Charlie,Smith,40.0,Cloud Tech-New York,Active,11/4/2023,76167.46,charlie.smith@example.com,-7282709080,Good,7616.746000000001,5000,81167.46
EMP1733,Bob,Garcia,25.0,DevOps-Texas,Active,6/25/2023,114871.08,bob.garcia@example.com,-4415298216,Average,11487.108,5000,119871.08
EMP1734,Eva,Johnson,25.0,HR-Nevada,Active,9/16/2021,81504.31,eva.johnson@example.com,-3929578670,Excellent,8150.4310000000005,5000,86504.31
EMP1736,Charlie,Brown,25.0,Finance-Illinois,Pending,12/14/2022,53043.74,charlie.brown@example.com,-507918157,Excellent,5304.374,5000,58043.74
EMP1737,Eva,Jones,30.0,DevOps-Illinois,Inactive,4/18/2020,82547.26,eva.jones@example.com,-9988683451,Excellent,8254.726,5000,87547.26
EMP1738,Bob,Jones,40.0,DevOps-California,Pending,10/11/2024,113900.81,bob.jones@example.com,-7346666169,Average,11390.081,5000,118900.81
EMP1739,Bob,Brown,25.0,HR-Nevada,Inactive,4/18/2021,118585.5,bob.brown@example.com,-7158796473,Average,11858.550000000001,5000,123585.5
EMP1740,Bob,Davis,35.0,Finance-Illinois,Pending,6/29/2020,63049.22,bob.davis@example.com,-803149981,Poor,6304.9220000000005,5000,68049.22
EMP1742,Heidi,Johnson,40.0,DevOps-New York,Active,12/11/2021,97901.79,heidi.johnson@example.com,-688285030,Average,9790.179,5000,102901.79
EMP1743,Eva,Jones,30.0,Sales-California,Active,7/5/2023,68037.56,eva.jones@example.com,-7235137398,Average,6803.756,5000,73037.56
EMP1745,Bob,Johnson,40.0,Sales-Nevada,Pending,11/22/2024,93786.72,bob.johnson@example.com,-6356022938,Poor,9378.672,5000,98786.72
EMP1747,David,Davis,30.0,Sales-Illinois,Pending,6/26/2024,64161.72,david.davis@example.com,-6437490606,Excellent,6416.1720000000005,5000,69161.72
EMP1748,Charlie,Smith,40.0,Admin-Nevada,Pending,11/19/2020,72224.73,charlie.smith@example.com,-2311127127,Average,7222.473,5000,77224.73
EMP1749,Bob,Johnson,30.0,HR-New York,Pending,3/1/2020,103580.45,bob.johnson@example.com,-5246484493,Excellent,10358.045,5000,108580.45
EMP1750,Grace,Garcia,40.0,HR-Florida,Pending,8/9/2024,112589.11,grace.garcia@example.com,-1163187327,Average,11258.911,5000,117589.11
EMP1751,Eva,Jones,30.0,Admin-Texas,Active,1/13/2021,51833.88,eva.jones@example.com,-771130620,Average,5183.388,5000,56833.88
EMP1753,Frank,Johnson,25.0,DevOps-Florida,Active,10/25/2022,109229.68,frank.johnson@example.com,-8335090253,Poor,10922.968,5000,114229.68
EMP1754,Frank,Johnson,30.0,Finance-Florida,Inactive,10/8/2020,61465.05,frank.johnson@example.com,-2573066247,Average,6146.505000000001,5000,66465.05
EMP1755,Grace,Miller,25.0,HR-Florida,Active,2/29/2024,96993.74,grace.miller@example.com,-1323570712,Poor,9699.374000000002,5000,101993.74
EMP1756,David,Johnson,25.0,Admin-Florida,Pending,9/30/2022,98150.39,david.johnson@example.com,-9848228500,Good,9815.039,5000,103150.39
EMP1757,David,Williams,40.0,Finance-Texas,Pending,2/14/2024,107703.0,david.williams@example.com,-1688092549,Average,10770.300000000001,5000,112703.0
EMP1761,Alice,Johnson,30.0,HR-Florida,Inactive,12/16/2024,71318.79,alice.johnson@example.com,-7278532425,Poor,7131.879,5000,76318.79
EMP1762,Heidi,Jones,30.0,Finance-California,Pending,4/21/2020,98296.71,heidi.jones@example.com,-4250642075,Poor,9829.671,5000,103296.71
EMP1763,Heidi,Johnson,40.0,Cloud Tech-Nevada,Pending,8/19/2020,62584.0,heidi.johnson@example.com,-8362536666,Good,6258.400000000001,5000,67584.0
EMP1764,Charlie,Jones,40.0,Finance-California,Inactive,2/21/2020,62521.5,charlie.jones@example.com,-7767555627,Average,6252.150000000001,5000,67521.5
EMP1765,David,Williams,40.0,Cloud Tech-California,Inactive,11/17/2023,95400.35,david.williams@example.com,-3333939577,Poor,9540.035000000002,5000,100400.35
EMP1766,Charlie,Jones,25.0,Cloud Tech-Texas,Pending,7/9/2022,94385.07,charlie.jones@example.com,-6543627186,Poor,9438.507000000001,5000,99385.07
EMP1769,Alice,Smith,40.0,HR-California,Pending,4/23/2024,117267.63,alice.smith@example.com,-9269326572,Good,11726.763,5000,122267.63
EMP1771,Heidi,Jones,40.0,Sales-Texas,Pending,12/12/2024,84542.68,heidi.jones@example.com,-5155322,Good,8454.268,5000,89542.68
EMP1772,Heidi,Smith,40.0,Finance-Florida,Active,5/16/2023,92007.15,heidi.smith@example.com,-4159597751,Average,9200.715,5000,97007.15
EMP1774,Frank,Johnson,25.0,Admin-Texas,Pending,3/29/2023,108661.01,frank.johnson@example.com,-9628874311,Poor,10866.101,5000,113661.01
EMP1775,Bob,Jones,25.0,Cloud Tech-Florida,Active,11/26/2020,97046.33,bob.jones@example.com,-7102676719,Good,9704.633,5000,102046.33
EMP1776,Charlie,Smith,40.0,DevOps-Illinois,Inactive,3/14/2020,56518.84,charlie.smith@example.com,-9579927078,Average,5651.884,5000,61518.84
EMP1777,Frank,Garcia,40.0,Cloud Tech-Florida,Pending,5/12/2020,70498.29,frank.garcia@example.com,-5515122945,Good,7049.829,5000,75498.29
EMP1778,Eva,Garcia,35.0,Sales-Florida,Pending,3/5/2021,98708.06,eva.garcia@example.com,-2135415969,Average,9870.806,5000,103708.06
EMP1780,Eva,Smith,40.0,Sales-California,Inactive,12/12/2022,90259.99,eva.smith@example.com,-752034475,Average,9025.999000000002,5000,95259.99
EMP1783,Bob,Brown,30.0,Sales-Florida,Inactive,4/3/2020,73365.46,bob.brown@example.com,-4655866524,Poor,7336.546000000001,5000,78365.46
EMP1784,David,Johnson,25.0,DevOps-New York,Pending,7/30/2021,67809.23,david.johnson@example.com,-4837441714,Excellent,6780.923,5000,72809.23
EMP1786,Alice,Davis,30.0,Admin-California,Inactive,10/9/2023,83537.58,alice.davis@example.com,-2931100590,Poor,8353.758,5000,88537.58
EMP1787,Alice,Garcia,30.0,Finance-New York,Pending,8/1/2022,112444.08,alice.garcia@example.com,-2975191022,Excellent,11244.408000000001,5000,117444.08
EMP1788,Frank,Garcia,40.0,Finance-Nevada,Active,9/6/2024,86475.13,frank.garcia@example.com,-1211063300,Poor,8647.513,5000,91475.13
EMP1790,Frank,Miller,25.0,Admin-California,Active,11/25/2021,118853.31,frank.miller@example.com,-4907280122,Good,11885.331,5000,123853.31
EMP1792,Eva,Jones,35.0,DevOps-Texas,Inactive,4/27/2022,56075.84,eva.jones@example.com,-3269496842,Average,5607.584,5000,61075.84
EMP1793,Frank,Brown,40.0,HR-New York,Pending,9/11/2021,62250.89,frank.brown@example.com,-6453804420,Excellent,6225.089,5000,67250.89
EMP1794,Alice,Smith,30.0,Cloud Tech-Florida,Pending,2/21/2020,105931.77,alice.smith@example.com,-175096169,Poor,10593.177000000001,5000,110931.77
EMP1795,Charlie,Davis,30.0,HR-Florida,Pending,11/24/2024,86653.96,charlie.davis@example.com,-1595919456,Average,8665.396,5000,91653.96
EMP1796,Charlie,Jones,25.0,Sales-Nevada,Active,2/24/2021,100719.94,charlie.jones@example.com,-5757475832,Good,10071.994,5000,105719.94
EMP1797,Bob,Davis,25.0,HR-Texas,Pending,10/2/2024,91600.13,bob.davis@example.com,-9205677566,Average,9160.013,5000,96600.13
EMP1798,Heidi,Smith,25.0,Cloud Tech-Illinois,Pending,3/6/2024,71873.66,heidi.smith@example.com,-7722660255,Good,7187.366000000001,5000,76873.66
EMP1799,Eva,Williams,30.0,HR-New York,Active,8/9/2021,69365.47,eva.williams@example.com,-2650622922,Average,6936.5470000000005,5000,74365.47
EMP1800,Heidi,Smith,25.0,HR-New York,Active,7/14/2021,58012.23,heidi.smith@example.com,-1067245306,Average,5801.223000000001,5000,63012.23
EMP1801,Bob,Miller,30.0,Sales-California,Pending,10/14/2021,68973.65,bob.miller@example.com,-6248433796,Average,6897.365,5000,73973.65
EMP1803,Heidi,Smith,25.0,Admin-Texas,Inactive,10/15/2023,53531.92,heidi.smith@example.com,-9423873669,Poor,5353.192,5000,58531.92
EMP1804,Bob,Miller,40.0,Finance-New York,Pending,5/5/2023,112389.31,bob.miller@example.com,-4254969191,Excellent,11238.931,5000,117389.31
EMP1806,Bob,Garcia,40.0,Sales-New York,Active,7/22/2024,106164.53,bob.garcia@example.com,-7563353573,Good,10616.453000000001,5000,111164.53
EMP1807,Bob,Smith,40.0,HR-Nevada,Pending,12/25/2023,103654.54,bob.smith@example.com,-8595325938,Poor,10365.454,5000,108654.54
EMP1808,David,Miller,30.0,Sales-California,Inactive,3/13/2022,62834.72,david.miller@example.com,-9337970580,Good,6283.472000000001,5000,67834.72
EMP1809,Frank,Jones,35.0,Finance-Florida,Active,5/13/2020,83273.41,frank.jones@example.com,-6295187793,Excellent,8327.341,5000,88273.41
EMP1810,Heidi,Williams,30.0,HR-California,Pending,3/22/2023,58917.58,heidi.williams@example.com,-1763425072,Good,5891.758000000001,5000,63917.58
EMP1811,Bob,Williams,35.0,Sales-Nevada,Active,6/10/2024,71148.27,bob.williams@example.com,-3055978244,Excellent,7114.827000000001,5000,76148.27
EMP1812,Grace,Smith,30.0,Sales-New York,Pending,11/21/2020,118172.42,grace.smith@example.com,-7598339913,Poor,11817.242,5000,123172.42
EMP1813,Frank,Brown,30.0,DevOps-Illinois,Inactive,5/25/2024,118614.37,frank.brown@example.com,-388436603,Average,11861.437,5000,123614.37
EMP1815,Heidi,Jones,25.0,Sales-Illinois,Inactive,10/28/2021,88856.14,heidi.jones@example.com,-2768297513,Good,8885.614,5000,93856.14
EMP1816,Charlie,Smith,35.0,Finance-Texas,Pending,8/10/2020,97985.61,charlie.smith@example.com,-7439742924,Good,9798.561,5000,102985.61
EMP1817,Grace,Williams,35.0,Finance-Nevada,Pending,5/5/2020,56337.31,grace.williams@example.com,-105875255,Poor,5633.731,5000,61337.31
EMP1818,Alice,Brown,30.0,DevOps-New York,Inactive,12/24/2022,70405.23,alice.brown@example.com,-8065625903,Poor,7040.523,5000,75405.23
EMP1819,Heidi,Smith,30.0,Admin-Nevada,Inactive,9/5/2021,89919.35,heidi.smith@example.com,-5990802710,Excellent,8991.935000000001,5000,94919.35
EMP1820,Eva,Davis,40.0,DevOps-California,Active,4/8/2023,50568.35,eva.davis@example.com,-2218231554,Good,5056.835,5000,55568.35
EMP1822,Frank,Miller,25.0,HR-Texas,Active,6/3/2022,99155.53,frank.miller@example.com,-6281372142,Poor,9915.553,5000,104155.53
EMP1823,Frank,Davis,40.0,Finance-Florida,Inactive,1/21/2023,64785.13,frank.davis@example.com,-3080037002,Average,6478.513,5000,69785.13
EMP1824,Charlie,Garcia,30.0,Sales-Florida,Inactive,9/16/2024,79206.48,charlie.garcia@example.com,-3228556607,Good,7920.648,5000,84206.48
EMP1825,Charlie,Brown,30.0,Cloud Tech-Texas,Pending,2/2/2020,60079.71,charlie.brown@example.com,-4706810389,Average,6007.9710000000005,5000,65079.71
EMP1826,Grace,Williams,30.0,Cloud Tech-New York,Pending,7/8/2024,79109.88,grace.williams@example.com,-3397051957,Poor,7910.988000000001,5000,84109.88
EMP1828,Frank,Davis,30.0,Admin-Florida,Pending,1/16/2020,90455.7,frank.davis@example.com,-5862394534,Excellent,9045.57,5000,95455.7
EMP1830,Heidi,Jones,35.0,Cloud Tech-Illinois,Inactive,11/15/2023,55604.42,heidi.jones@example.com,-3210613393,Average,5560.442,5000,60604.42
EMP1831,Eva,Jones,40.0,Sales-Texas,Pending,12/27/2024,92704.94,eva.jones@example.com,-3945703942,Excellent,9270.494,5000,97704.94
EMP1833,Alice,Brown,40.0,Finance-Illinois,Inactive,3/21/2023,101367.02,alice.brown@example.com,-5769277893,Excellent,10136.702000000001,5000,106367.02
EMP1834,Eva,Smith,35.0,Admin-Texas,Pending,5/8/2023,102459.77,eva.smith@example.com,-3191009003,Poor,10245.977,5000,107459.77
EMP1835,Eva,Brown,25.0,DevOps-Florida,Pending,12/12/2020,90100.2,eva.brown@example.com,-476921052,Good,9010.02,5000,95100.2
EMP1839,Charlie,Jones,35.0,DevOps-New York,Inactive,1/5/2021,105956.04,charlie.jones@example.com,-7123166006,Excellent,10595.604,5000,110956.04
EMP1840,Frank,Davis,25.0,Admin-Illinois,Active,9/11/2024,84716.38,frank.davis@example.com,-6762090143,Good,8471.638,5000,89716.38
EMP1841,Grace,Garcia,30.0,DevOps-Florida,Pending,7/29/2023,61709.83,grace.garcia@example.com,-7340433699,Good,6170.983,5000,66709.83
EMP1842,Frank,Smith,25.0,DevOps-California,Active,4/17/2020,61732.03,frank.smith@example.com,-9687304518,Average,6173.203,5000,66732.03
EMP1843,Eva,Davis,40.0,DevOps-Illinois,Active,2/16/2022,97845.7,eva.davis@example.com,-5778255881,Good,9784.57,5000,102845.7
EMP1844,Eva,Jones,30.0,Sales-Florida,Active,8/14/2021,114905.58,eva.jones@example.com,-5562965753,Poor,11490.558,5000,119905.58
EMP1847,Grace,Johnson,40.0,DevOps-Nevada,Active,2/12/2024,97032.29,grace.johnson@example.com,-9582923615,Excellent,9703.229,5000,102032.29
EMP1848,Frank,Davis,30.0,HR-Illinois,Active,10/9/2023,50593.33,frank.davis@example.com,-1880819047,Excellent,5059.3330000000005,5000,55593.33
EMP1849,Grace,Miller,25.0,Sales-Texas,Pending,7/2/2022,74606.15,grace.miller@example.com,-2357155867,Good,7460.615,5000,79606.15
EMP1850,Eva,Davis,30.0,Cloud Tech-Texas,Pending,7/7/2020,53981.73,eva.davis@example.com,-6395613722,Average,5398.173000000001,5000,58981.73
EMP1853,Bob,Williams,40.0,HR-Florida,Pending,9/29/2023,103891.64,bob.williams@example.com,-2114716559,Good,10389.164,5000,108891.64
EMP1854,Charlie,Davis,25.0,HR-Texas,Inactive,3/6/2022,73285.83,charlie.davis@example.com,-9456534698,Good,7328.5830000000005,5000,78285.83
EMP1855,Eva,Jones,30.0,Finance-Texas,Inactive,2/14/2021,92721.13,eva.jones@example.com,-7990707549,Poor,9272.113000000001,5000,97721.13
EMP1856,Heidi,Williams,25.0,Admin-Illinois,Inactive,3/23/2021,92977.64,heidi.williams@example.com,-4768169956,Excellent,9297.764000000001,5000,97977.64
EMP1857,Heidi,Williams,35.0,Cloud Tech-Texas,Active,5/24/2020,89994.12,heidi.williams@example.com,-607174810,Good,8999.412,5000,94994.12
EMP1858,Heidi,Johnson,25.0,Finance-New York,Pending,8/4/2023,50060.73,heidi.johnson@example.com,-3176539704,Poor,5006.073,5000,55060.73
EMP1859,Grace,Davis,35.0,Admin-Nevada,Inactive,3/12/2022,90224.82,grace.davis@example.com,-4873961028,Excellent,9022.482000000002,5000,95224.82
EMP1860,Heidi,Brown,40.0,Finance-Florida,Pending,5/18/2024,106859.3,heidi.brown@example.com,-871827495,Good,10685.93,5000,111859.3
EMP1861,David,Smith,25.0,Finance-Nevada,Inactive,9/5/2020,89707.07,david.smith@example.com,-8049187273,Good,8970.707,5000,94707.07
EMP1862,Frank,Johnson,35.0,DevOps-California,Inactive,4/23/2020,94259.08,frank.johnson@example.com,-2049561212,Excellent,9425.908000000001,5000,99259.08
EMP1863,Bob,Johnson,35.0,Sales-California,Active,9/18/2024,82174.75,bob.johnson@example.com,-7730626041,Excellent,8217.475,5000,87174.75
EMP1864,David,Brown,30.0,Sales-Texas,Inactive,9/15/2023,63370.22,david.brown@example.com,-3597371121,Excellent,6337.022000000001,5000,68370.22
EMP1865,Bob,Smith,35.0,Finance-Texas,Pending,6/15/2022,101472.69,bob.smith@example.com,-2990775607,Good,10147.269,5000,106472.69
EMP1866,David,Jones,25.0,DevOps-Illinois,Active,9/28/2022,77213.73,david.jones@example.com,-5816704685,Good,7721.373,5000,82213.73
EMP1867,Eva,Miller,40.0,Sales-Florida,Active,3/16/2020,73749.96,eva.miller@example.com,-1114576831,Poor,7374.996000000001,5000,78749.96
EMP1868,Alice,Davis,40.0,Cloud Tech-New York,Pending,9/28/2023,86618.37,alice.davis@example.com,-1021923784,Average,8661.837,5000,91618.37
EMP1871,Alice,Garcia,35.0,Cloud Tech-Florida,Pending,12/15/2020,108474.65,alice.garcia@example.com,-184980424,Good,10847.465,5000,113474.65
EMP1872,Bob,Johnson,25.0,Finance-Illinois,Pending,3/27/2021,54417.71,bob.johnson@example.com,-3733777311,Excellent,5441.771000000001,5000,59417.71
EMP1873,Frank,Smith,40.0,HR-Texas,Pending,3/25/2023,88211.94,frank.smith@example.com,-6881228216,Average,8821.194000000001,5000,93211.94
EMP1874,David,Johnson,25.0,Sales-New York,Inactive,5/9/2020,58452.18,david.johnson@example.com,-8192365345,Excellent,5845.218000000001,5000,63452.18
EMP1875,Grace,Williams,30.0,DevOps-California,Pending,12/3/2020,80706.28,grace.williams@example.com,-605603566,Average,8070.628000000001,5000,85706.28
EMP1877,Heidi,Johnson,25.0,Cloud Tech-Texas,Active,7/1/2020,99471.89,heidi.johnson@example.com,-8471690617,Average,9947.189,5000,104471.89
EMP1878,Eva,Jones,40.0,DevOps-Florida,Pending,9/16/2020,64431.22,eva.jones@example.com,-1205464753,Poor,6443.122,5000,69431.22
EMP1879,Heidi,Jones,40.0,Admin-New York,Pending,11/17/2023,52633.48,heidi.jones@example.com,-8954787697,Good,5263.348000000001,5000,57633.48
EMP1881,David,Miller,25.0,Sales-Texas,Pending,1/11/2022,110391.17,david.miller@example.com,-8914444982,Excellent,11039.117,5000,115391.17
EMP1882,David,Williams,40.0,DevOps-Nevada,Active,7/20/2021,53714.83,david.williams@example.com,-5539354357,Excellent,5371.483,5000,58714.83
EMP1883,Charlie,Garcia,40.0,Finance-New York,Active,10/4/2023,114587.11,charlie.garcia@example.com,-6449639242,Excellent,11458.711000000001,5000,119587.11
EMP1884,Frank,Garcia,35.0,Admin-Florida,Inactive,11/15/2021,93177.35,frank.garcia@example.com,-5885379820,Average,9317.735,5000,98177.35
EMP1885,Heidi,Jones,25.0,Cloud Tech-Nevada,Active,1/5/2023,62312.13,heidi.jones@example.com,-4339527535,Good,6231.213,5000,67312.13
EMP1887,Grace,Miller,30.0,DevOps-Nevada,Inactive,4/16/2021,104528.27,grace.miller@example.com,-4168601346,Excellent,10452.827000000001,5000,109528.27
EMP1888,Bob,Brown,30.0,DevOps-Florida,Active,2/8/2022,112395.56,bob.brown@example.com,-7894896339,Good,11239.556,5000,117395.56
EMP1889,Heidi,Smith,25.0,Finance-New York,Active,6/2/2023,81849.36,heidi.smith@example.com,-6791766511,Excellent,8184.936000000001,5000,86849.36
EMP1890,Charlie,Davis,40.0,DevOps-New York,Pending,1/4/2022,118288.91,charlie.davis@example.com,-2150014187,Poor,11828.891000000001,5000,123288.91
EMP1891,Charlie,Davis,25.0,DevOps-Illinois,Active,7/28/2021,59555.1,charlie.davis@example.com,-4216309000,Good,5955.51,5000,64555.1
EMP1892,Heidi,Smith,40.0,Admin-California,Active,12/20/2024,70661.31,heidi.smith@example.com,-5944633398,Good,7066.131,5000,75661.31
EMP1895,David,Brown,30.0,HR-Florida,Pending,3/31/2021,112427.58,david.brown@example.com,-9471136336,Good,11242.758000000002,5000,117427.58
EMP1897,Alice,Brown,40.0,Sales-Florida,Inactive,7/16/2024,105861.23,alice.brown@example.com,-9967331166,Good,10586.123,5000,110861.23
EMP1898,Heidi,Davis,40.0,Admin-Texas,Pending,3/22/2024,50869.61,heidi.davis@example.com,-7269608436,Average,5086.961,5000,55869.61
EMP1900,Eva,Jones,30.0,DevOps-Florida,Pending,3/10/2024,90856.21,eva.jones@example.com,-9352196262,Average,9085.621000000001,5000,95856.21
EMP1901,Heidi,Brown,30.0,DevOps-Florida,Active,6/5/2024,111008.63,heidi.brown@example.com,-3556434368,Excellent,11100.863000000001,5000,116008.63
EMP1902,Alice,Miller,25.0,Finance-Nevada,Inactive,12/23/2022,52289.99,alice.miller@example.com,-7093170694,Poor,5228.999,5000,57289.99
EMP1904,Frank,Williams,25.0,Sales-Nevada,Inactive,12/23/2024,53609.38,frank.williams@example.com,-5345472238,Good,5360.938,5000,58609.38
EMP1906,David,Johnson,30.0,HR-New York,Pending,8/20/2020,95432.69,david.johnson@example.com,-2198041846,Excellent,9543.269,5000,100432.69
EMP1907,David,Williams,30.0,HR-California,Inactive,10/28/2022,97615.87,david.williams@example.com,-2426423641,Average,9761.587,5000,102615.87
EMP1908,Bob,Davis,35.0,HR-Florida,Inactive,10/23/2022,86867.78,bob.davis@example.com,-8131909247,Poor,8686.778,5000,91867.78
EMP1909,Eva,Miller,40.0,Sales-California,Pending,11/20/2023,106615.71,eva.miller@example.com,-7623039110,Average,10661.571000000002,5000,111615.71
EMP1910,Bob,Williams,30.0,Finance-Texas,Active,3/11/2022,112856.21,bob.williams@example.com,-4281785227,Poor,11285.621000000001,5000,117856.21
EMP1911,Bob,Jones,25.0,Admin-California,Active,11/28/2023,60356.78,bob.jones@example.com,-2305248087,Poor,6035.678,5000,65356.78
EMP1913,Charlie,Johnson,40.0,HR-Florida,Inactive,2/19/2024,95127.91,charlie.johnson@example.com,-5947372131,Average,9512.791000000001,5000,100127.91
EMP1914,Bob,Brown,25.0,Admin-Illinois,Pending,11/18/2021,78818.42,bob.brown@example.com,-9016204786,Average,7881.842000000001,5000,83818.42
EMP1915,Frank,Miller,40.0,Sales-Nevada,Pending,12/21/2022,108933.55,frank.miller@example.com,-6886878598,Poor,10893.355000000001,5000,113933.55
EMP1917,Eva,Brown,25.0,Admin-California,Inactive,7/22/2022,116934.97,eva.brown@example.com,-1954196663,Good,11693.497000000001,5000,121934.97
EMP1919,Charlie,Garcia,30.0,Admin-Texas,Active,10/10/2021,90216.76,charlie.garcia@example.com,-9246320373,Average,9021.676,5000,95216.76
EMP1920,Frank,Jones,30.0,Admin-Illinois,Pending,3/12/2020,96588.73,frank.jones@example.com,-7677537259,Average,9658.873,5000,101588.73
EMP1921,Charlie,Davis,35.0,Finance-Illinois,Active,12/28/2022,71109.18,charlie.davis@example.com,-3214505765,Poor,7110.918,5000,76109.18
EMP1922,Grace,Smith,40.0,Admin-Florida,Inactive,11/15/2020,50300.6,grace.smith@example.com,-1945887070,Good,5030.06,5000,55300.6
EMP1923,Frank,Davis,35.0,Finance-California,Pending,9/27/2023,60295.84,frank.davis@example.com,-5534820127,Good,6029.584,5000,65295.84
EMP1924,Heidi,Smith,35.0,DevOps-Texas,Pending,9/7/2022,113012.21,heidi.smith@example.com,-4008385075,Excellent,11301.221000000001,5000,118012.21
EMP1925,Bob,Williams,35.0,Cloud Tech-Florida,Pending,9/18/2024,65425.54,bob.williams@example.com,-5975954507,Poor,6542.554,5000,70425.54000000001
EMP1926,Frank,Jones,25.0,Sales-Nevada,Active,4/9/2023,86850.37,frank.jones@example.com,-9177680897,Excellent,8685.037,5000,91850.37
EMP1927,Eva,Brown,30.0,Cloud Tech-Texas,Pending,10/5/2024,81182.07,eva.brown@example.com,-1265742230,Good,8118.207000000001,5000,86182.07
EMP1929,Alice,Smith,35.0,Finance-New York,Pending,10/14/2024,79934.83,alice.smith@example.com,-3693626893,Average,7993.483,5000,84934.83
EMP1930,Alice,Davis,35.0,HR-California,Inactive,7/1/2022,111201.12,alice.davis@example.com,-3012047136,Poor,11120.112000000001,5000,116201.12
EMP1931,Heidi,Brown,40.0,Finance-California,Active,7/8/2024,100960.05,heidi.brown@example.com,-2711759573,Average,10096.005000000001,5000,105960.05
EMP1932,Grace,Smith,30.0,Sales-Illinois,Active,10/21/2020,64544.87,grace.smith@example.com,-9885582983,Average,6454.487000000001,5000,69544.87
EMP1933,Frank,Smith,25.0,Sales-Florida,Active,1/14/2020,78662.24,frank.smith@example.com,-9330674583,Poor,7866.224000000001,5000,83662.24
EMP1934,Grace,Garcia,30.0,Sales-Florida,Pending,3/9/2023,102867.06,grace.garcia@example.com,-7609441282,Average,10286.706,5000,107867.06
EMP1935,Charlie,Smith,40.0,HR-Illinois,Inactive,3/27/2020,107595.95,charlie.smith@example.com,-3372188565,Excellent,10759.595000000001,5000,112595.95
EMP1937,Eva,Jones,35.0,DevOps-Nevada,Inactive,9/11/2020,95766.91,eva.jones@example.com,-5066626704,Average,9576.691,5000,100766.91
EMP1938,Grace,Miller,30.0,Finance-Nevada,Pending,5/16/2021,51990.98,grace.miller@example.com,-5143776935,Excellent,5199.098000000001,5000,56990.98
EMP1939,Heidi,Johnson,25.0,Sales-Nevada,Inactive,4/5/2023,83634.01,heidi.johnson@example.com,-6343925294,Average,8363.401,5000,88634.01
EMP1941,Eva,Jones,30.0,Sales-Texas,Active,10/16/2021,82273.08,eva.jones@example.com,-7120072023,Excellent,8227.308,5000,87273.08
EMP1942,Frank,Garcia,30.0,Cloud Tech-California,Inactive,5/9/2022,94537.3,frank.garcia@example.com,-5591024509,Good,9453.730000000001,5000,99537.3
EMP1943,Alice,Jones,35.0,HR-Illinois,Pending,6/6/2020,85970.65,alice.jones@example.com,-9109032670,Good,8597.065,5000,90970.65
EMP1944,Charlie,Jones,25.0,Sales-New York,Pending,10/22/2021,111071.02,charlie.jones@example.com,-4949819420,Excellent,11107.102,5000,116071.02
EMP1945,Eva,Davis,35.0,DevOps-Nevada,Pending,1/12/2022,56708.34,eva.davis@example.com,-7942817933,Excellent,5670.834,5000,61708.34
EMP1946,Charlie,Jones,25.0,Admin-Illinois,Inactive,2/2/2022,104516.55,charlie.jones@example.com,-652775843,Excellent,10451.655,5000,109516.55
EMP1947,Charlie,Garcia,25.0,Admin-New York,Pending,3/28/2021,108210.15,charlie.garcia@example.com,-6634533721,Poor,10821.015,5000,113210.15
EMP1949,Frank,Jones,35.0,DevOps-California,Active,7/31/2024,80935.65,frank.jones@example.com,-1455937660,Excellent,8093.565,5000,85935.65
EMP1950,Frank,Williams,30.0,DevOps-California,Active,3/4/2024,107020.19,frank.williams@example.com,-8943705262,Excellent,10702.019,5000,112020.19
EMP1951,Charlie,Brown,30.0,HR-New York,Active,9/23/2020,118677.67,charlie.brown@example.com,-5100462775,Excellent,11867.767,5000,123677.67
EMP1952,Bob,Jones,25.0,Cloud Tech-Florida,Inactive,3/28/2020,63744.57,bob.jones@example.com,-5725659201,Average,6374.457,5000,68744.57
EMP1954,Bob,Williams,25.0,Sales-New York,Pending,2/13/2021,62934.73,bob.williams@example.com,-9743260054,Good,6293.473000000001,5000,67934.73000000001
EMP1955,Bob,Williams,30.0,DevOps-California,Pending,12/13/2021,74654.23,bob.williams@example.com,-9550178331,Excellent,7465.423,5000,79654.23
EMP1957,David,Smith,30.0,HR-New York,Pending,1/9/2020,118150.59,david.smith@example.com,-6079848703,Average,11815.059000000001,5000,123150.59
EMP1959,Bob,Davis,30.0,HR-Florida,Inactive,3/14/2021,85997.57,bob.davis@example.com,-3593744038,Good,8599.757000000001,5000,90997.57
EMP1960,Frank,Smith,25.0,Finance-Texas,Pending,10/5/2020,84707.12,frank.smith@example.com,-4640830372,Excellent,8470.712,5000,89707.12
EMP1964,Heidi,Davis,25.0,Finance-Florida,Pending,9/10/2023,97356.31,heidi.davis@example.com,-1537012423,Good,9735.631,5000,102356.31
EMP1965,Grace,Smith,40.0,DevOps-Illinois,Active,2/27/2024,114770.32,grace.smith@example.com,-4626325143,Good,11477.032000000001,5000,119770.32
EMP1966,Bob,Jones,35.0,Admin-California,Active,5/3/2023,109082.07,bob.jones@example.com,-8811210313,Good,10908.207000000002,5000,114082.07
EMP1967,David,Miller,40.0,DevOps-Florida,Inactive,4/15/2024,99944.57,david.miller@example.com,-2175188780,Poor,9994.457000000002,5000,104944.57
EMP1968,Eva,Miller,40.0,HR-Florida,Pending,5/20/2023,116509.72,eva.miller@example.com,-7941515262,Average,11650.972000000002,5000,121509.72
EMP1969,Eva,Williams,30.0,Finance-Texas,Active,5/28/2021,84253.9,eva.williams@example.com,-8409112251,Excellent,8425.39,5000,89253.9
EMP1970,Charlie,Garcia,25.0,Cloud Tech-Nevada,Active,8/27/2024,54776.01,charlie.garcia@example.com,-8837505660,Poor,5477.601000000001,5000,59776.01
EMP1971,Charlie,Davis,40.0,Sales-Nevada,Inactive,11/8/2020,71192.68,charlie.davis@example.com,-8632397912,Average,7119.268,5000,76192.68
EMP1974,Grace,Brown,25.0,Finance-Florida,Inactive,10/12/2024,76343.56,grace.brown@example.com,-7121988191,Excellent,7634.356,5000,81343.56
EMP1975,Alice,Johnson,30.0,Sales-Nevada,Inactive,12/16/2024,99424.14,alice.johnson@example.com,-7788519052,Excellent,9942.414,5000,104424.14
EMP1976,Charlie,Garcia,35.0,DevOps-Florida,Inactive,4/13/2024,57656.74,charlie.garcia@example.com,-4864010423,Good,5765.674,5000,62656.74
EMP1977,Heidi,Garcia,40.0,Sales-New York,Pending,4/24/2020,77396.94,heidi.garcia@example.com,-6245618516,Excellent,7739.694,5000,82396.94
EMP1979,Charlie,Miller,35.0,HR-Nevada,Pending,2/25/2020,103563.58,charlie.miller@example.com,-8991511454,Excellent,10356.358,5000,108563.58
EMP1980,Grace,Brown,25.0,Finance-California,Inactive,4/23/2022,74588.85,grace.brown@example.com,-1293913043,Average,7458.885000000001,5000,79588.85
EMP1981,David,Garcia,30.0,DevOps-California,Pending,6/22/2020,113727.23,david.garcia@example.com,-8818984840,Poor,11372.723,5000,118727.23
EMP1982,Eva,Brown,25.0,HR-New York,Active,1/7/2023,72828.18,eva.brown@example.com,-6046154020,Good,7282.817999999999,5000,77828.18
EMP1984,Frank,Garcia,40.0,Sales-Florida,Inactive,3/18/2023,56840.8,frank.garcia@example.com,-1429831521,Poor,5684.080000000001,5000,61840.8
EMP1985,David,Johnson,35.0,Finance-Illinois,Pending,11/26/2021,61663.91,david.johnson@example.com,-9107322835,Average,6166.3910000000005,5000,66663.91
EMP1986,Grace,Brown,30.0,Finance-Nevada,Active,9/17/2024,109523.4,grace.brown@example.com,-849378305,Poor,10952.34,5000,114523.4
EMP1987,Eva,Brown,25.0,HR-Illinois,Inactive,7/5/2024,65812.02,eva.brown@example.com,-3963845268,Average,6581.202000000001,5000,70812.02
EMP1989,Heidi,Garcia,40.0,Admin-California,Active,8/27/2023,107661.73,heidi.garcia@example.com,-7016934291,Excellent,10766.173,5000,112661.73
EMP1990,Eva,Johnson,40.0,DevOps-Illinois,Inactive,2/13/2021,79002.0,eva.johnson@example.com,-9132033015,Average,7900.200000000001,5000,84002.0
EMP1992,Heidi,Johnson,30.0,DevOps-Nevada,Inactive,7/2/2021,115601.4,heidi.johnson@example.com,-1537221555,Good,11560.14,5000,120601.4
EMP1994,David,Brown,30.0,DevOps-Nevada,Inactive,9/24/2024,80477.21,david.brown@example.com,-3774604066,Good,8047.721000000001,5000,85477.21
EMP1995,Bob,Jones,30.0,Finance-California,Inactive,8/16/2023,61240.9,bob.jones@example.com,-2007843613,Poor,6124.09,5000,66240.9
EMP1996,David,Smith,40.0,Admin-Texas,Active,1/28/2021,51939.29,david.smith@example.com,-2442607818,Excellent,5193.929,5000,56939.29
EMP1997,Eva,Brown,40.0,Finance-Illinois,Inactive,5/14/2022,95284.54,eva.brown@example.com,-7543734763,Good,9528.454,5000,100284.54
EMP1998,Charlie,Garcia,35.0,Admin-Texas,Inactive,6/5/2024,106247.67,charlie.garcia@example.com,-2737203762,Excellent,10624.767,5000,111247.67
EMP1999,Charlie,Williams,25.0,DevOps-Florida,Active,4/23/2020,110170.88,charlie.williams@example.com,-8821458413,Poor,11017.088000000002,5000,115170.88
EMP2000,Charlie,Miller,25.0,HR-Nevada,Pending,6/10/2024,52615.44,charlie.miller@example.com,-8460191343,Average,5261.544000000001,5000,57615.44
EMP2001,Eva,Davis,30.0,DevOps-Illinois,Inactive,4/18/2020,82547.26,eva.davis@example.com,-3899827801,Average,8254.726,5000,87547.26
EMP2002,Bob,Smith,35.0,Finance-Illinois,Pending,6/29/2020,63049.22,bob.smith@example.com,-586950731,Good,6304.9220000000005,5000,68049.22
EMP2003,Frank,Smith,35.0,HR-California,Pending,2/15/2023,115229.12,frank.smith@example.com,-1464493698,Excellent,11522.912,5000,120229.12
EMP2004,Grace,Smith,25.0,DevOps-Illinois,Pending,6/15/2023,60687.63,grace.smith@example.com,-9516793349,Excellent,6068.763,5000,65687.63
EMP2005,Frank,Jones,30.0,Finance-Illinois,Inactive,3/19/2022,67492.73,frank.jones@example.com,-5573857367,Good,6749.273,5000,72492.73
EMP2007,Charlie,Jones,35.0,DevOps-Texas,Active,7/14/2022,69146.95,charlie.jones@example.com,-6811872332,Poor,6914.695,5000,74146.95
EMP2008,Grace,Brown,35.0,Admin-Nevada,Inactive,3/12/2022,90224.82,grace.brown@example.com,-5104096148,Good,9022.482000000002,5000,95224.82
EMP2010,Bob,Jones,35.0,Sales-Nevada,Active,6/10/2024,71148.27,bob.jones@example.com,-8307482072,Average,7114.827000000001,5000,76148.27
EMP2011,David,Jones,40.0,Admin-California,Inactive,9/21/2022,52031.74,david.jones@example.com,-6511893939,Excellent,5203.174,5000,57031.74
EMP2014,Grace,Jones,30.0,Finance-Nevada,Pending,5/16/2021,51990.98,grace.jones@example.com,-2470739200,Excellent,5199.098000000001,5000,56990.98
EMP2016,David,Johnson,30.0,Cloud Tech-Texas,Inactive,11/7/2021,100215.06,david.johnson@example.com,-2508261122,Good,10021.506000000001,5000,105215.06
EMP2017,Charlie,Williams,40.0,Finance-New York,Active,10/4/2023,114587.11,charlie.williams@example.com,-1261632487,Average,11458.711000000001,5000,119587.11
EMP2018,Alice,Garcia,30.0,HR-Florida,Inactive,12/16/2024,71318.79,alice.garcia@example.com,-8995729892,Good,7131.879,5000,76318.79
EMP2019,Heidi,Jones,30.0,DevOps-Illinois,Pending,2/22/2021,77764.24,heidi.jones@example.com,-7629745492,Average,7776.424000000001,5000,82764.24
